회사명 : (주)청명기연환경 / 2023/01/01  ~ 2025/08/25  / AS수리현황,Unnamed: 1,Unnamed: 2,Unnamed: 3,Unnamed: 4,Unnamed: 5,Unnamed: 6,Unnamed: 7,Unnamed: 8,Unnamed: 9
일자-No.,제목,거래처명,수리유형명,담당자명,품목명,단가,적요,규격,순번
23/01/10-1,켐익 정도검사 및 수리,켐익,정도검사 및 수리,황연걸,(PM-10) KMS-4200,50000,정도검사,18P353,1
23/01/10-1,켐익 정도검사 및 수리,켐익,정도검사 및 수리,황연걸,(PM-10) KMS-4200,50000,정도검사,18P354,2
23/01/10-1,켐익 정도검사 및 수리,켐익,정도검사 및 수리,황연걸,(PM-10) KMS-4200,50000,정도검사,18P355,3
23/01/10-1,켐익 정도검사 및 수리,켐익,정도검사 및 수리,황연걸,(PM-10) KMS-4200,50000,정도검사,18P357,4
23/01/10-1,켐익 정도검사 및 수리,켐익,정도검사 및 수리,황연걸,(PM-10) KMS-4200,50000,정도검사,18P359,5
23/01/10-1,켐익 정도검사 및 수리,켐익,정도검사 및 수리,황연걸,(PM-10) KMS-4200,50000,정도검사,18P360,6
23/01/10-1,켐익 정도검사 및 수리,켐익,정도검사 및 수리,황연걸,(PM-10) KMS-4200,50000,정도검사,18P361,7
23/01/10-1,켐익 정도검사 및 수리,켐익,정도검사 및 수리,황연걸,(PM-10) KMS-4200,150000,"외장온,습도센서 교체",18P355,8
23/01/10-1,켐익 정도검사 및 수리,켐익,정도검사 및 수리,황연걸,정도검사대행료료,150000,정도검사대행료료,21,9
23/01/12-1,APM 정도검사 및 수리,APM,정도검사 및 수리,황연걸,(O3) Serinus10,100000,정도검사,17-0133,10
23/01/12-1,APM 정도검사 및 수리,APM,정도검사 및 수리,황연걸,(O3) Serinus10i,100000,정도검사,20-1382,11
23/01/12-1,APM 정도검사 및 수리,APM,정도검사 및 수리,황연걸,(CO) Serinus30i,100000,정도검사,20-1348,12
23/01/12-1,APM 정도검사 및 수리,APM,정도검사 및 수리,황연걸,(O3) Serinus10i,100000,정도검사,20-1571,13
23/01/12-1,APM 정도검사 및 수리,APM,정도검사 및 수리,황연걸,(O3) Serinus10i,100000,정도검사,20-1560,14
23/01/12-1,APM 정도검사 및 수리,APM,정도검사 및 수리,황연걸,(O3) Serinus10i,100000,정도검사,20-1393,15
23/01/12-1,APM 정도검사 및 수리,APM,정도검사 및 수리,황연걸,(CO) Serinus30i,100000,정도검사,17-1509,16
23/01/12-1,APM 정도검사 및 수리,APM,정도검사 및 수리,황연걸,(CO) Serinus30i,100000,정도검사,20-1508,17
23/01/12-1,APM 정도검사 및 수리,APM,정도검사 및 수리,황연걸,(CO) Serinus30i,100000,정도검사,20-1503,18
23/01/12-1,APM 정도검사 및 수리,APM,정도검사 및 수리,황연걸,정도검사대행료,300000,정도검사대행료,21,19
23/01/12-1,APM 정도검사 및 수리,APM,정도검사 및 수리,황연걸,(O3) Serinus10,1680000,Internal pump,17-0129,20
23/01/12-1,APM 정도검사 및 수리,APM,정도검사 및 수리,황연걸,(O3) Serinus10,760000,PCA Lamp driver,17-0128,21
23/01/12-1,APM 정도검사 및 수리,APM,정도검사 및 수리,황연걸,(CO) Serinus30i,2140000,Detector,20-1348,22
23/01/12-1,APM 정도검사 및 수리,APM,정도검사 및 수리,황연걸,(CO) Serinus30i,2140000,Detector,20-1502,23
23/01/12-1,APM 정도검사 및 수리,APM,정도검사 및 수리,황연걸,(O3) Serinus10,940000,Lamp Assembly,17-0132,24
23/01/12-1,APM 정도검사 및 수리,APM,정도검사 및 수리,황연걸,(PM-2.5) PMS-204,50000,정도검사,1709797,25
23/01/12-1,APM 정도검사 및 수리,APM,정도검사 및 수리,황연걸,(PM-2.5) PMS-204,50000,정도검사,1709798,26
23/01/12-1,APM 정도검사 및 수리,APM,정도검사 및 수리,황연걸,DC,-460000,DC,21,27
23/01/30-1,APM 부품구매,APM,일반수리,황연걸,Fitting nut 1/4T KYNAR,300000,Fitting nut 1/4T KYNAR,21,28
23/02/06-1,켐익 정도검사 및 수리,켐익,정도검사 및 수리,황연걸,(PM-10) KMS-4200,50000,정도검사,18P370,29
23/02/06-1,켐익 정도검사 및 수리,켐익,정도검사 및 수리,황연걸,(PM-10) KMS-4200,150000,"외장온,습도센서 교체",18P370,30
23/02/06-1,켐익 정도검사 및 수리,켐익,정도검사 및 수리,황연걸,(PM-10) KMS-4200,50000,리니어부싱 부식교체,18P370,31
23/02/06-1,켐익 정도검사 및 수리,켐익,정도검사 및 수리,황연걸,(PM-10) KMS-4200,50000,정도검사,18P368,32
23/02/06-1,켐익 정도검사 및 수리,켐익,정도검사 및 수리,황연걸,(PM-10) KMS-4200,50000,정도검사,18P369,33
23/02/06-1,켐익 정도검사 및 수리,켐익,정도검사 및 수리,황연걸,(PM-10) KMS-4200,50000,정도검사,18P371,34
23/02/06-1,켐익 정도검사 및 수리,켐익,정도검사 및 수리,황연걸,(PM-10) KMS-4200,50000,정도검사,18P372,35
23/02/06-1,켐익 정도검사 및 수리,켐익,정도검사 및 수리,황연걸,(PM-10) KMS-4200,50000,정도검사,18P373,36
23/02/06-1,켐익 정도검사 및 수리,켐익,정도검사 및 수리,황연걸,(PM-10) KMS-4200,50000,정도검사,18P375,37
23/02/06-1,켐익 정도검사 및 수리,켐익,정도검사 및 수리,황연걸,정도검사대행료,150000,정도검사대행료,21,38
23/02/07-1,카인 일반수리,카인,일반수리,황연걸,(Pb) T8400ME,50000,브러시단자 접점부 고정작업,4170/TA3682,39
23/02/07-1,카인 일반수리,카인,일반수리,황연걸,(Pb) T8400ME,50000,브러시 단자 단선,21,40
23/02/07-1,카인 일반수리,카인,일반수리,황연걸,(Pb) T8400ME,100000,브러시 교체 작업,21,41
23/02/07-1,카인 일반수리,카인,일반수리,황연걸,(Pb) T8400ME,450000,모터교체,21,42
23/02/07-1,카인 일반수리,카인,일반수리,황연걸,(Pb) T8400ME,400000,컨트롤러 교체,21,43
23/02/07-1,카인 일반수리,카인,일반수리,황연걸,(Pb) T8400ME,450000,모터교체,21,44
23/02/07-1,카인 일반수리,카인,일반수리,황연걸,(Pb) T8400ME,400000,컨트롤러 교체,21,45
23/02/07-1,카인 일반수리,카인,일반수리,황연걸,DC,-570000,DC,21,46
23/02/07-2,토탈 일반수리,토탈엔지니어링,일반수리,황연걸,"(NOx, SOx) BMW-5000",20000,AC 아답터 소켓교체,853,47
23/02/07-2,토탈 일반수리,토탈엔지니어링,일반수리,황연걸,"(NOx, SOx) BMW-5000",700000,양측유량계 교체,1314,48
23/02/07-2,토탈 일반수리,토탈엔지니어링,일반수리,황연걸,"(NOx, SOx) BMW-5000",13000,전원 버튼 교체,1314,49
23/02/07-2,토탈 일반수리,토탈엔지니어링,일반수리,황연걸,"(NOx, SOx) BMW-5000",15000,호스 연결 커넥터 교체,1795,50
23/02/07-2,토탈 일반수리,토탈엔지니어링,일반수리,황연걸,"(NOx, SOx) BMW-5000",700000,양측 유량계 교체,853,51
23/02/07-2,토탈 일반수리,토탈엔지니어링,일반수리,황연걸,DC,-348000,DC,21,52
23/02/14-1,APM 정도검사,APM,정도검사 및 수리,황연걸,(PM-2.5) PMS-204,50000,정도검사,1501479,53
23/02/14-1,APM 정도검사,APM,정도검사 및 수리,황연걸,(PM-2.5) PMS-204,50000,정도검사,1501490,54
23/02/14-1,APM 정도검사,APM,정도검사 및 수리,황연걸,(PM-2.5) PMS-204,50000,정도검사,1501504,55
23/02/14-1,APM 정도검사,APM,정도검사 및 수리,황연걸,(PM-2.5) PMS-204,50000,정도검사,1501514,56
23/02/14-1,APM 정도검사,APM,정도검사 및 수리,황연걸,(PM-2.5) PMS-204,50000,정도검사,1501513,57
23/02/14-1,APM 정도검사,APM,정도검사 및 수리,황연걸,(PM-10) PMS-204,50000,정도검사,1904009,58
23/02/14-2,APM 정도검사 및 수리,APM,정도검사 및 수리,황연걸,(PM-10) BAM 1020,100000,정도검사,X22196,59
23/02/14-2,APM 정도검사 및 수리,APM,정도검사 및 수리,황연걸,(PM-2.5) BAM 1020,100000,정도검사,X22198,60
23/02/14-2,APM 정도검사 및 수리,APM,정도검사 및 수리,황연걸,(O3) Serinus10,100000,정도검사,17-0988,61
23/02/14-2,APM 정도검사 및 수리,APM,정도검사 및 수리,황연걸,(CO) Serinus30i,100000,정도검사,17-1509,62
23/02/14-2,APM 정도검사 및 수리,APM,정도검사 및 수리,황연걸,(NO2) Serinus40,100000,정도검사,18-0984,63
23/02/14-2,APM 정도검사 및 수리,APM,정도검사 및 수리,황연걸,(SO2) Serinus50,100000,정도검사,18-0318,64
23/02/14-2,APM 정도검사 및 수리,APM,정도검사 및 수리,황연걸,(PM-2.5) PMS-204,50000,기본점검,1501479,65
23/02/14-2,APM 정도검사 및 수리,APM,정도검사 및 수리,황연걸,(PM-2.5) PMS-204,50000,기본점검,1501490,66
23/02/14-2,APM 정도검사 및 수리,APM,정도검사 및 수리,황연걸,(PM-2.5) PMS-204,50000,기본점검,1501504,67
23/02/14-2,APM 정도검사 및 수리,APM,정도검사 및 수리,황연걸,(PM-2.5) PMS-204,50000,기본점검,1501514,68
23/02/14-2,APM 정도검사 및 수리,APM,정도검사 및 수리,황연걸,(PM-2.5) PMS-204,50000,기본점검,1501513,69
23/02/14-2,APM 정도검사 및 수리,APM,정도검사 및 수리,황연걸,(PM-10) PMS-204,50000,기본점검,1904009,70
23/02/14-2,APM 정도검사 및 수리,APM,정도검사 및 수리,황연걸,정도검사 대행료,100000,정도검사 대행료,21,71
23/02/14-2,APM 정도검사 및 수리,APM,정도검사 및 수리,황연걸,(SO2) Serinus50,100000,정도검사,17-1912,72
23/02/14-2,APM 정도검사 및 수리,APM,정도검사 및 수리,황연걸,(SO2) Serinus50,100000,정도검사,17-1906,73
23/02/14-2,APM 정도검사 및 수리,APM,정도검사 및 수리,황연걸,(SO2) Serinus50,100000,정도검사,17-1733,74
23/02/23-1,켐익 일반수리,켐익,일반수리,황연걸,(PM-10) KMS-4200,50000,기본점검,18P366,75
23/02/23-1,켐익 일반수리,켐익,일반수리,황연걸,(PM-10) KMS-4200,150000,"외장온,습도센서 교체",18P366,76
23/02/23-1,켐익 일반수리,켐익,일반수리,황연걸,(PM-10) KMS-4200,50000,기본점검,18P374,77
23/03/14-1,APM 정도검사 및 수리,APM,정도검사 및 수리,황연걸,(CO) Serinus30i,100000,정도검사,20-2128,78
23/03/14-1,APM 정도검사 및 수리,APM,정도검사 및 수리,황연걸,(CO) Serinus30i,1200000,Power supply,20-2128,79
23/03/14-1,APM 정도검사 및 수리,APM,정도검사 및 수리,황연걸,(CO) Serinus30i,100000,정도검사,21-0330,80
23/03/14-1,APM 정도검사 및 수리,APM,정도검사 및 수리,황연걸,(CO) Serinus30i,1200000,Power supply,21-0330,81
23/03/14-1,APM 정도검사 및 수리,APM,정도검사 및 수리,황연걸,(O3) Serinus10,100000,정도검사,17-0131,82
23/03/14-1,APM 정도검사 및 수리,APM,정도검사 및 수리,황연걸,(O3) Serinus10,100000,정도검사,17-0134,83
23/03/14-1,APM 정도검사 및 수리,APM,정도검사 및 수리,황연걸,정도검사대행료,100000,정도검사대행료,21,84
23/03/14-1,APM 정도검사 및 수리,APM,정도검사 및 수리,황연걸,(CO) Serinus30i,100000,정도검사,21-0331,85
23/03/14-1,APM 정도검사 및 수리,APM,정도검사 및 수리,황연걸,DC,-1400000,DC,21,86
23/04/03-1,APM 정도검사 및 수리,APM,정도검사 및 수리,황연걸,(PM-2.5) PMS-204,50000,정도검사,1501489,87
23/04/03-1,APM 정도검사 및 수리,APM,정도검사 및 수리,황연걸,(PM-2.5) PMS-204,50000,정도검사,1501505,88
23/04/03-1,APM 정도검사 및 수리,APM,정도검사 및 수리,황연걸,(PM-2.5) PMS-204,50000,정도검사,1501507,89
23/04/03-1,APM 정도검사 및 수리,APM,정도검사 및 수리,황연걸,(PM-2.5) PMS-204,50000,정도검사,1501508,90
23/04/03-1,APM 정도검사 및 수리,APM,정도검사 및 수리,황연걸,(PM-2.5) PMS-204,50000,정도검사,1501512,91
23/04/03-1,APM 정도검사 및 수리,APM,정도검사 및 수리,황연걸,WINS Impactor assembly,400000,PM2.5 여과 부품,21,92
23/04/03-1,APM 정도검사 및 수리,APM,정도검사 및 수리,황연걸,정도검사대행료,100000,정도검사대행료,21,93
23/04/06-1,켄텍 정도검사,켄텍,정도검사 및 수리,황연걸,(NO2) MEZUS-210,100000,정도검사,K1515022,94
23/04/06-1,켄텍 정도검사,켄텍,정도검사 및 수리,황연걸,(NO2) MEZUS-210,100000,정도검사,K1515023,95
23/04/06-1,켄텍 정도검사,켄텍,정도검사 및 수리,황연걸,(NO2) MEZUS-210,100000,정도검사,K1612016,96
23/04/06-1,켄텍 정도검사,켄텍,정도검사 및 수리,황연걸,(NO2) MEZUS-210,100000,정도검사,K1612017,97
23/04/11-1,APM 부품구매,APM,일반수리,황연걸,필터홀더,2400000,필터홀더 for Gas Analyzer,21,98
23/05/25-1,APM 정도검사 및 수리,APM,정도검사 및 수리,황연걸,(CO) Serinus30i,100000,정도검사,20-2128,99
23/05/25-1,APM 정도검사 및 수리,APM,정도검사 및 수리,황연걸,(CO) Serinus30i,1200000,power supply,20-2128,100
23/05/25-1,APM 정도검사 및 수리,APM,정도검사 및 수리,황연걸,(CO) Serinus30i,100000,정도검사,21-0330,101
23/05/25-1,APM 정도검사 및 수리,APM,정도검사 및 수리,황연걸,(CO) Serinus30i,1200000,power supply,21-0330,102
23/05/25-1,APM 정도검사 및 수리,APM,정도검사 및 수리,황연걸,(O3) Serinus10,100000,정도검사,17-0132,103
23/05/25-1,APM 정도검사 및 수리,APM,정도검사 및 수리,황연걸,(O3) Serinus10,100000,정도검사,17-0133,104
23/05/25-1,APM 정도검사 및 수리,APM,정도검사 및 수리,황연걸,(CO) Serinus30i,100000,정도검사,21-0331,105
23/05/25-1,APM 정도검사 및 수리,APM,정도검사 및 수리,황연걸,정도검사대행료,100000,정도검사대행료,21,106
23/05/25-1,APM 정도검사 및 수리,APM,정도검사 및 수리,황연걸,DC,-1400000,DC,21,107
23/05/26-1,APM 정도검사 및 수리,APM,정도검사 및 수리,황연걸,(CO) Serinus30i,100000,기본점검,20-2313,108
23/05/26-1,APM 정도검사 및 수리,APM,정도검사 및 수리,황연걸,(CO) Serinus30i,1200000,Power supply,20-2313,109
23/05/26-1,APM 정도검사 및 수리,APM,정도검사 및 수리,황연걸,(CO) Serinus30i,100000,기본점검,21-0331,110
23/05/26-1,APM 정도검사 및 수리,APM,정도검사 및 수리,황연걸,(CO) Serinus30i,1200000,Power supply,21-0331,111
23/05/26-1,APM 정도검사 및 수리,APM,정도검사 및 수리,황연걸,(CO) Serinus 30 i,100000,기본점검,20-2171,112
23/05/26-1,APM 정도검사 및 수리,APM,정도검사 및 수리,황연걸,(CO) Serinus 30 i,1200000,Power supply,20-2171,113
23/05/26-1,APM 정도검사 및 수리,APM,정도검사 및 수리,황연걸,(CO) Serinus 30 i,3600000,Mainboard,20-2171,114
23/05/26-1,APM 정도검사 및 수리,APM,정도검사 및 수리,황연걸,(CO) Serinus30i,100000,기본점검,20-2131,115
23/05/26-1,APM 정도검사 및 수리,APM,정도검사 및 수리,황연걸,(O3) Serinus10,100000,정도검사,17-0126,116
23/05/26-1,APM 정도검사 및 수리,APM,정도검사 및 수리,황연걸,(O3) Serinus10,100000,정도검사,17-0128,117
23/05/26-1,APM 정도검사 및 수리,APM,정도검사 및 수리,황연걸,(O3) Serinus10,100000,정도검사,17-0129,118
23/05/26-1,APM 정도검사 및 수리,APM,정도검사 및 수리,황연걸,(CO) Serinus 30 i,100000,정도검사,20-2305,119
23/05/26-1,APM 정도검사 및 수리,APM,정도검사 및 수리,황연걸,(NO2) Serinus 40,100000,정도검사,18-0353,120
23/05/26-1,APM 정도검사 및 수리,APM,정도검사 및 수리,황연걸,(O3) Serinus10i,100000,정도검사,21-0356,121
23/05/26-1,APM 정도검사 및 수리,APM,정도검사 및 수리,황연걸,(O3) Serinus10,100000,정도검사,17-0134,122
23/05/26-1,APM 정도검사 및 수리,APM,정도검사 및 수리,황연걸,(O3) Serinus10,100000,정도검사,17-0131,123
23/05/26-1,APM 정도검사 및 수리,APM,정도검사 및 수리,황연걸,(NO2) Serinus40,100000,정도검사,20-2180,124
23/05/26-1,APM 정도검사 및 수리,APM,정도검사 및 수리,황연걸,(NO2) Serinus40,100000,정도검사,21-0515,125
23/05/26-1,APM 정도검사 및 수리,APM,정도검사 및 수리,황연걸,(NO2) Serinus40,100000,정도검사,21-0516,126
23/05/26-1,APM 정도검사 및 수리,APM,정도검사 및 수리,황연걸,(NO2) Serinus40,100000,정도검사,21-0517,127
23/05/26-1,APM 정도검사 및 수리,APM,정도검사 및 수리,황연걸,(NO2) Serinus40,100000,정도검사,21-0518,128
23/05/26-1,APM 정도검사 및 수리,APM,정도검사 및 수리,황연걸,(O3) Serinus10i,100000,정도검사,21-0322,129
23/05/26-1,APM 정도검사 및 수리,APM,정도검사 및 수리,황연걸,(CO) Serinus 30 i,100000,정도검사,20-2171,130
23/05/26-1,APM 정도검사 및 수리,APM,정도검사 및 수리,황연걸,(CO) Serinus 30 i,100000,정도검사,20-2132,131
23/05/26-1,APM 정도검사 및 수리,APM,정도검사 및 수리,황연걸,정도검사대행료,200000,정도검사대행료,21,132
23/05/26-1,APM 정도검사 및 수리,APM,정도검사 및 수리,황연걸,DC,-3400000,DC,21,133
23/06/15-1,켄텍 정도검사,켄텍,정도검사,황연걸,(NO2) MEZUS-210,100000,정도검사,K1614024,134
23/06/15-1,켄텍 정도검사,켄텍,정도검사,황연걸,(NO2) MEZUS-210,100000,정도검사,K1515019,135
23/06/15-1,켄텍 정도검사,켄텍,정도검사,황연걸,(NO2) MEZUS-210,100000,정도검사,K1515020,136
23/06/15-1,켄텍 정도검사,켄텍,정도검사,황연걸,(NO2) MEZUS-210,100000,정도검사,K1515021,137
23/06/15-1,켄텍 정도검사,켄텍,정도검사,황연걸,(CO) MEZUS-310,100000,정도검사,K1612019,138
23/06/15-1,켄텍 정도검사,켄텍,정도검사,황연걸,(CO) MEZUS-310,100000,정도검사,K1614027A,139
23/06/23-1,켐익 정도검사,켐익,정도검사,황연걸,(PM-10) KMS-4200,50000,기본점검 및 리크보강,20P570,140
23/06/23-1,켐익 정도검사,켐익,정도검사,황연걸,(PM-2.5) KMS-4200,50000,기본점검 및 리크보강,20P565,141
23/06/23-1,켐익 정도검사,켐익,정도검사,황연걸,(PM-10) KMS-4200,50000,기본점검 및 리크보강,20P572,142
23/06/23-1,켐익 정도검사,켐익,정도검사,황연걸,(PM-2.5) KMS-4200,50000,기본점검 및 리크보강,20P558,143
23/06/23-1,켐익 정도검사,켐익,정도검사,황연걸,(PM-2.5) KMS-4200,50000,기본점검 및 손잡이 탈거 재결합,20P557,144
23/06/23-1,켐익 정도검사,켐익,정도검사,황연걸,(PM-10) KMS-4200,50000,기본점검,20P573,145
23/06/23-1,켐익 정도검사,켐익,정도검사,황연걸,(PM-2.5) KMS-4200,50000,기본점검,20P564,146
23/06/23-1,켐익 정도검사,켐익,정도검사,황연걸,(PM-10) KMS-4200,50000,기본점검,19P405,147
23/06/23-2,카인 일반수리,카인,일반수리,황연걸,(Pb) T8400ME,400000,컨트롤러 교체,4162/TA3674,148
23/06/23-2,카인 일반수리,카인,일반수리,황연걸,(Pb) T8400ME(품목등록 안됨),850000,"모터, 컨트롤러 교체",21,149
23/06/23-2,카인 일반수리,카인,일반수리,황연걸,(Pb) T8400ME,450000,모터 교체,4241/TA3744,150
23/06/23-2,카인 일반수리,카인,일반수리,황연걸,(Pb) T8400ME,50000,브러시 단자 단선 수리,4170/TA3682,151
23/06/23-2,카인 일반수리,카인,일반수리,황연걸,(Pb) T8400ME,450000,모터 교체,4159/TA3671,152
23/06/23-2,카인 일반수리,카인,일반수리,황연걸,DC,-650000,DC,21,153
23/07/04-1,켐익 일반수리,켐익,일반수리,황연걸,(PM-2.5) KMS-4200,50000,기본점검 및 SD카드교체,20P556,154
23/07/04-1,켐익 일반수리,켐익,일반수리,황연걸,(PM-10) KMS-4200,100000,"외장 온,습도센서 교체",18P358,155
23/07/04-1,켐익 일반수리,켐익,일반수리,황연걸,(PM-10) KMS-4200,50000,기본점검,18P358,156
23/07/04-1,켐익 일반수리,켐익,일반수리,황연걸,(PM-10) KMS-4200,50000,기본점검 및 리크보강,18P356,157
23/07/04-2,APM 정도검사,APM,정도검사,황연걸,(PM-2.5) PMS-204,50000,정도검사,1501518,158
23/07/04-2,APM 정도검사,APM,정도검사,황연걸,(PM-2.5) PMS-204,50000,정도검사,1501519,159
23/07/04-2,APM 정도검사,APM,정도검사,황연걸,(PM-2.5) PMS-204,50000,정도검사,1501478,160
23/07/04-2,APM 정도검사,APM,정도검사,황연걸,(PM-2.5) PMS-204,50000,정도검사,1708789,161
23/07/04-2,APM 정도검사,APM,정도검사,황연걸,(PM-2.5) PMS-204,50000,정도검사,1501517,162
23/07/04-2,APM 정도검사,APM,정도검사,황연걸,(PM-2.5) PMS-204,50000,정도검사,1708791,163
23/07/04-2,APM 정도검사,APM,정도검사,황연걸,(PM-2.5) PMS-204,50000,정도검사,1708792,164
23/07/04-2,APM 정도검사,APM,정도검사,황연걸,(PM-10) PMS-204,50000,정도검사,1904012,165
23/07/04-2,APM 정도검사,APM,정도검사,황연걸,(PM-10) PMS-204,50000,정도검사,1904011,166
23/07/04-2,APM 정도검사,APM,정도검사,황연걸,(PM-10) PMS-204,50000,정도검사,1904010,167
23/07/04-2,APM 정도검사,APM,정도검사,황연걸,(PM-10) PMS-204,50000,정도검사,1904009,168
23/07/04-2,APM 정도검사,APM,정도검사,황연걸,(PM-10) PMS-204,50000,정도검사,1904008,169
23/07/04-2,APM 정도검사,APM,정도검사,황연걸,(PM-2.5) PMS-204,50000,정도검사,1501506,170
23/07/04-2,APM 정도검사,APM,정도검사,황연걸,(PM-2.5) PMS-204,50000,정도검사,1501513,171
23/07/04-2,APM 정도검사,APM,정도검사,황연걸,(PM-2.5) PMS-204,50000,정도검사,1501511,172
23/07/04-2,APM 정도검사,APM,정도검사,황연걸,(PM-2.5) PMS-204,50000,정도검사,1501481,173
23/07/04-2,APM 정도검사,APM,정도검사,황연걸,(PM-2.5) PMS-204,50000,정도검사,1501520,174
23/07/04-2,APM 정도검사,APM,정도검사,황연걸,(PM-10) PMS-204,50000,정도검사,1904003,175
23/07/04-2,APM 정도검사,APM,정도검사,황연걸,(PM-10) PMS-204,50000,정도검사,1904004,176
23/07/04-2,APM 정도검사,APM,정도검사,황연걸,(PM-10) PMS-204,50000,정도검사,1904005,177
23/07/04-2,APM 정도검사,APM,정도검사,황연걸,(PM-10) PMS-204,50000,정도검사,1904006,178
23/07/04-2,APM 정도검사,APM,정도검사,황연걸,(PM-10) PMS-204,50000,정도검사,1904007,179
23/07/04-2,APM 정도검사,APM,정도검사,황연걸,(PM-2.5) PMS-204,50000,정도검사,1501515,180
23/07/04-2,APM 정도검사,APM,정도검사,황연걸,(PM-2.5) PMS-204,50000,정도검사,1501516,181
23/07/04-2,APM 정도검사,APM,정도검사,황연걸,정도검사 대행료,200000,정도검사 대행료,21,182
23/07/12-1,켐익 일반수리,켐익,일반수리,황연걸,(PM-10) KMS-4200,50000,기본점검,18P357,183
23/07/12-1,켐익 일반수리,켐익,일반수리,황연걸,(PM-10) KMS-4200,100000,"외장 온,습도센서 교체",18P357,184
23/07/12-1,켐익 일반수리,켐익,일반수리,황연걸,(PM-10) KMS-4200,50000,기본점검,20P573,185
23/07/12-1,켐익 일반수리,켐익,일반수리,황연걸,(PM-10) KMS-4200,350000,펌프전자석 회손 교체,20P573,186
23/07/12-1,켐익 일반수리,켐익,일반수리,황연걸,(PM-10) KMS-4200,300000,SFM유량센서 교체,20P573,187
23/07/12-1,켐익 일반수리,켐익,일반수리,황연걸,DC,-100000,DC,21,188
23/07/14-1,APM 정도검사,APM,정도검사,황연걸,(O3) Serinus10i,100000,정도검사,21-0321,189
23/07/14-1,APM 정도검사,APM,정도검사,황연걸,(O3) Serinus10i,100000,정도검사,21-0349,190
23/07/14-1,APM 정도검사,APM,정도검사,황연걸,(O3) Serinus10i (품목등록 안됨),100000,정도검사,21,191
23/07/14-1,APM 정도검사,APM,정도검사,황연걸,(CO) Serinus30i,100000,정도검사,20-2128,192
23/07/14-1,APM 정도검사,APM,정도검사,황연걸,(CO) Serinus30i,100000,정도검사,20-2131,193
23/07/14-1,APM 정도검사,APM,정도검사,황연걸,(CO) Serinus30i,100000,정도검사,20-2311,194
23/07/14-1,APM 정도검사,APM,정도검사,황연걸,(CO) Serinus30i,100000,정도검사,20-2313,195
23/07/14-1,APM 정도검사,APM,정도검사,황연걸,(CO) Serinus30i,100000,정도검사,21-0330,196
23/07/14-1,APM 정도검사,APM,정도검사,황연걸,(CO) Serinus30i,100000,정도검사,21-0331,197
23/07/14-1,APM 정도검사,APM,정도검사,황연걸,정도검사 대행료,100000,정도검사 대행료,21,198
23/07/17-1,켐익 정도검사 및 수리,켐익,정도검사 및 수리,황연걸,(PM-10) KMS-4200,50000,정도검사,18P361,199
23/07/17-1,켐익 정도검사 및 수리,켐익,정도검사 및 수리,황연걸,(PM-10) KMS-4200,100000,서브모터 교체,18P361,200
23/07/17-1,켐익 정도검사 및 수리,켐익,정도검사 및 수리,황연걸,(PM-10) KMS-4200,50000,정도검사,19P432,201
23/07/17-1,켐익 정도검사 및 수리,켐익,정도검사 및 수리,황연걸,(PM-10) KMS-4200,50000,정도검사,19P431,202
23/07/17-1,켐익 정도검사 및 수리,켐익,정도검사 및 수리,황연걸,(PM-10) KMS-4200,100000,"외장 온,습도센서 교체",19P431,203
23/07/17-1,켐익 정도검사 및 수리,켐익,정도검사 및 수리,황연걸,(PM-10) KMS-4200,50000,정도검사,18P373,204
23/07/17-1,켐익 정도검사 및 수리,켐익,정도검사 및 수리,황연걸,(PM-10) KMS-4200,50000,정도검사,19P430,205
23/07/17-1,켐익 정도검사 및 수리,켐익,정도검사 및 수리,황연걸,(PM-10) KMS-4200,50000,정도검사,19P424,206
23/07/17-1,켐익 정도검사 및 수리,켐익,정도검사 및 수리,황연걸,(PM-10) KMS-4200,50000,정도검사,19P428,207
23/07/17-1,켐익 정도검사 및 수리,켐익,정도검사 및 수리,황연걸,(PM-10) KMS-4200,50000,정도검사,19P425,208
23/07/17-1,켐익 정도검사 및 수리,켐익,정도검사 및 수리,황연걸,(PM-10) KMS-4200,50000,정도검사,19P433,209
23/07/17-1,켐익 정도검사 및 수리,켐익,정도검사 및 수리,황연걸,(PM-10) KMS-4200,50000,정도검사,19P427,210
23/07/17-1,켐익 정도검사 및 수리,켐익,정도검사 및 수리,황연걸,(PM-10) KMS-4200,50000,정도검사,19P426,211
23/07/17-1,켐익 정도검사 및 수리,켐익,정도검사 및 수리,황연걸,(PM-10) KMS-4200,50000,정도검사,19P429,212
23/07/21-1,APM 일반수리,APM,일반수리,황연걸,(O3) Serinus10,100000,기본점검,17-0128,213
23/07/21-1,APM 일반수리,APM,일반수리,황연걸,(O3) Serinus10i,100000,기본점검,17-0130,214
23/07/21-1,APM 일반수리,APM,일반수리,황연걸,(O3) Serinus10,100000,기본점검,17-0126,215
23/07/21-1,APM 일반수리,APM,일반수리,황연걸,(CO) Serinus30i,100000,기본점검,20-1509,216
23/07/21-1,APM 일반수리,APM,일반수리,황연걸,(SO2) Serinus50,100000,기본점검,17-1798,217
23/07/21-1,APM 일반수리,APM,일반수리,황연걸,(CO) Serinus 30 i,100000,기본점검,20-2305,218
23/07/21-2,APM 일반수리,APM,일반수리,황연걸,(SO2) Serinus50,1200000,Power supply,17-1798,219
23/07/21-2,APM 일반수리,APM,일반수리,황연걸,(CO) Serinus30i,2140000,Deector,20-1509,220
23/07/21-2,APM 일반수리,APM,일반수리,황연걸,(CO) Serinus 30 i,2140000,Deector,20-2305,221
23/07/21-2,APM 일반수리,APM,일반수리,황연걸,DC,-1080000,DC,21,222
23/07/21-3,하림 정도검사 및 수리,하림,정도검사 및 수리,황연걸,(PM-2.5) E-BAM,435000,정도검사,T25864,223
23/07/21-3,하림 정도검사 및 수리,하림,정도검사 및 수리,황연걸,(PM-10) E-BAM,500000,정도검사,R10783,224
23/07/21-3,하림 정도검사 및 수리,하림,정도검사 및 수리,황연걸,(PM-10) E-BAM,900000,확인필요(견적서누락),P22857,225
23/07/21-3,하림 정도검사 및 수리,하림,정도검사 및 수리,황연걸,(PM-10) E-BAM,2400000,확인필요(견적서누락),R10454,226
23/07/21-3,하림 정도검사 및 수리,하림,정도검사 및 수리,황연걸,(PM-10) E-BAM,5200000,확인필요(견적서누락),R10185,227
23/07/21-3,하림 정도검사 및 수리,하림,정도검사 및 수리,황연걸,DC,-435000,DC,21,228
23/07/24-1,하림 일반수리,카인,일반수리,황연걸,(Pb) T8400ME,80000,브러시 교체,4210/TA3712,229
23/07/24-1,하림 일반수리,카인,일반수리,황연걸,부품구매,600000,카본브러시,21,230
23/08/09-1,하림 정도검사,하림,정도검사,황연걸,(PM-10) E-BAM,200000,정도검사,T15942,231
23/08/09-1,하림 정도검사,하림,정도검사,황연걸,(PM-10) E-BAM,250000,정도검사,T15943,232
23/08/11-1,APM 정도검사 및 수리,APM,정도검사 및 수리,황연걸,(PM-2.5) PMS-204,50000,정도검사,1708795,233
23/08/11-1,APM 정도검사 및 수리,APM,정도검사 및 수리,황연걸,(PM-2.5) PMS-204,400000,Wins Impactor,1708795,234
23/08/11-1,APM 정도검사 및 수리,APM,정도검사 및 수리,황연걸,(PM-2.5) PMS-204,50000,정도검사,1501515,235
23/08/11-1,APM 정도검사 및 수리,APM,정도검사 및 수리,황연걸,(PM-2.5) PMS-204,5000,O-ring,1501515,236
23/08/11-1,APM 정도검사 및 수리,APM,정도검사 및 수리,황연걸,(PM-2.5) PMS-204,50000,정도검사,1501511,237
23/08/11-1,APM 정도검사 및 수리,APM,정도검사 및 수리,황연걸,(PM-2.5) PMS-204,50000,정도검사,1708794,238
23/08/11-1,APM 정도검사 및 수리,APM,정도검사 및 수리,황연걸,(PM-2.5) PMS-204,50000,정도검사,1708786,239
23/08/11-1,APM 정도검사 및 수리,APM,정도검사 및 수리,황연걸,(PM-2.5) PMS-204,50000,정도검사,1708787,240
23/08/11-1,APM 정도검사 및 수리,APM,정도검사 및 수리,황연걸,(PM-2.5) PMS-204,50000,정도검사,1708788,241
23/08/11-1,APM 정도검사 및 수리,APM,정도검사 및 수리,황연걸,(PM-2.5) PMS-204,50000,정도검사,1708790,242
23/08/11-1,APM 정도검사 및 수리,APM,정도검사 및 수리,황연걸,(PM-2.5) PMS-204,50000,정도검사,1708793,243
23/08/11-1,APM 정도검사 및 수리,APM,정도검사 및 수리,황연걸,정도검사 대행료,100000,정도검사 대행료,21,244
23/08/29-1,APM 정도검사,APM,정도검사,황연걸,(CO) Serinus 30 i,100000,정도검사,21-1394,245
23/08/29-2,APM 일반수리,APM,일반수리,황연걸,(O3) Serinus10i,550000,"Pressure Gauge, Serinus PCA 부품교체",20-1393,246
23/08/29-4,토탈 일반수리,토탈엔지니어링,일반수리,황연걸,"(NOx, SOx) BMW-5000",800000,양측 유량계 교체,909,247
23/08/29-4,토탈 일반수리,토탈엔지니어링,일반수리,황연걸,"(NOx, SOx) BMW-5000",20000,AC전원소켓 교체,909,248
23/08/29-4,토탈 일반수리,토탈엔지니어링,일반수리,황연걸,DC,-100000,DC,21,249
23/09/04-1,켐익 정도검사 및 수리,켐익,정도검사 및 수리,황연걸,(PM-10) KMS-4200,50000,정도검사,18P374,250
23/09/04-1,켐익 정도검사 및 수리,켐익,정도검사 및 수리,황연걸,(PM-10) KMS-4200,100000,"외장 온,습도센서 교체",18P374,251
23/09/04-1,켐익 정도검사 및 수리,켐익,정도검사 및 수리,황연걸,(PM-10) KMS-4200,50000,정도검사,18P356,252
23/09/04-1,켐익 정도검사 및 수리,켐익,정도검사 및 수리,황연걸,(PM-10) KMS-4200,50000,정도검사,18P375,253
23/09/08-1,하림 정도검사 및 수리,하림,정도검사 및 수리,황연걸,(PM-2.5) E-BAM,250000,정도검사,W17345,254
23/09/08-1,하림 정도검사 및 수리,하림,정도검사 및 수리,황연걸,(PM-2.5) E-BAM,185000,"Glass Fiber Filter, 25M",W17346,255
23/09/08-1,하림 정도검사 및 수리,하림,정도검사 및 수리,황연걸,(PM-2.5) E-BAM,250000,정도검사,W17346,256
23/09/08-1,하림 정도검사 및 수리,하림,정도검사 및 수리,황연걸,(PM-2.5) E-BAM,250000,정도검사,W17347,257
23/09/19-1,카인 일반수리,카인,일반수리,황연걸,(Pb) T8400ME,300000,모터교체,4210/TA3712,258
23/10/11-1,켄텍 일반수리,켄텍,일반수리,황연걸,(NO2) MEZUS-210,250000,LCD 교체,K1612017,259
23/10/11-1,켄텍 일반수리,켄텍,일반수리,황연걸,(NO2) MEZUS-210,650000,메인보드 교체,K1515020,260
23/10/20-1,하림 정도검사 및 수리,하림,정도검사 및 수리,황연걸,(PM-10) E-BAM,185000,"Glass FIber Filter, 25M",Y17932,261
23/10/20-1,하림 정도검사 및 수리,하림,정도검사 및 수리,황연걸,(PM-10) E-BAM,727000,"Flow Meer, 20 SLPM",Y17932,262
23/10/20-1,하림 정도검사 및 수리,하림,정도검사 및 수리,황연걸,(PM-10) E-BAM,1799000,E-BAM Pump & Bracket,Y17932,263
23/10/20-1,하림 정도검사 및 수리,하림,정도검사 및 수리,황연걸,(PM-10) E-BAM,635000,E-BAM Connector Board,Y17932,264
23/10/20-1,하림 정도검사 및 수리,하림,정도검사 및 수리,황연걸,(PM-10) E-BAM,185000,"Glass FIber Filter, 25M",Y17930,265
23/10/20-1,하림 정도검사 및 수리,하림,정도검사 및 수리,황연걸,(PM-10) E-BAM,185000,"Glass FIber Filter, 25M",Y17933,266
23/10/20-1,하림 정도검사 및 수리,하림,정도검사 및 수리,황연걸,(PM-10) E-BAM,250000,정도검사,Y17930,267
23/10/20-1,하림 정도검사 및 수리,하림,정도검사 및 수리,황연걸,(PM-10) E-BAM,250000,정도검사,Y17933,268
23/10/20-1,하림 정도검사 및 수리,하림,정도검사 및 수리,황연걸,(PM-10) E-BAM,250000,정도검사,Y17932,269
23/10/24-1,켐익 부품구매,켐익,일반수리,황연걸,부품구매,150000,KMS-4200 유리병,21,270
23/10/24-1,켐익 부품구매,켐익,일반수리,황연걸,DC,-30000,DC,21,271
23/10/25-1,APM 정도검사,APM,정도검사,황연걸,(PM-10) BAM 1020,100000,정도검사,X17815,272
23/10/25-1,APM 정도검사,APM,정도검사,황연걸,(PM-2.5) BAM 1020,100000,정도검사,X16838,273
23/10/25-1,APM 정도검사,APM,정도검사,황연걸,(O3) Serinus10i,100000,정도검사,17-1391,274
23/10/25-1,APM 정도검사,APM,정도검사,황연걸,(NO2) Serinus 40,100000,정도검사,18-0353,275
23/10/25-1,APM 정도검사,APM,정도검사,황연걸,(SO2) Serinus50,100000,정도검사,17-0866,276
23/10/25-1,APM 정도검사,APM,정도검사,황연걸,(CO) Serinus 30 i,100000,정도검사,18-0159,277
23/10/25-1,APM 정도검사,APM,정도검사,황연걸,(CO) Serinus 30,100000,정도검사,18-0147,278
23/10/25-1,APM 정도검사,APM,정도검사,황연걸,(CO) Serinus 30,100000,정도검사(품목등록 안됨),21,279
23/10/25-1,APM 정도검사,APM,정도검사,황연걸,정도검사 대행료,100000,정도검사 대행료,21,280
23/11/10-1,APM 일반수리,APM,일반수리,황연걸,(CO) Serinus 30 i,100000,기본점검,21-1394,281
23/11/10-1,APM 일반수리,APM,일반수리,황연걸,(O3) Serinus10i,550000,Pressure Gauge,20-1393,282
23/11/10-1,APM 일반수리,APM,일반수리,황연걸,DC,-100000,DC,21,283
23/11/17-1,하림 정도검사 및 수리,하림,정도검사 및 수리,황연걸,(PM-10) E-BAM,185000,"Glass Fiber Filter, 25M 부품교체",X18018,284
23/11/17-1,하림 정도검사 및 수리,하림,정도검사 및 수리,황연걸,(PM-10) E-BAM,185000,"Glass Fiber Filter, 25M 부품교체",X18020,285
23/11/17-1,하림 정도검사 및 수리,하림,정도검사 및 수리,황연걸,(PM-10) E-BAM,250000,정도검사,X18019,286
23/11/17-1,하림 정도검사 및 수리,하림,정도검사 및 수리,황연걸,(PM-10) E-BAM,250000,정도검사,X18021,287
23/11/17-1,하림 정도검사 및 수리,하림,정도검사 및 수리,황연걸,(PM-10) E-BAM,250000,정도검사,X18022,288
23/11/17-1,하림 정도검사 및 수리,하림,정도검사 및 수리,황연걸,(PM-10) E-BAM,250000,정도검사,X18020,289
23/11/17-1,하림 정도검사 및 수리,하림,정도검사 및 수리,황연걸,(PM-10) E-BAM,250000,정도검사,X18018,290
23/12/28-1,APM 일반수리,APM,일반수리,신재경,(CO) Serinus 30 i,100000,기본점검,20-2171,291
23/12/28-1,APM 일반수리,APM,일반수리,신재경,(CO) Serinus 30 i,100000,기본점검,20-2305,292
23/12/28-1,APM 일반수리,APM,일반수리,신재경,(CO) Serinus30i,100000,기본점검,20-1503,293
23/12/28-1,APM 일반수리,APM,일반수리,신재경,(CO) Serinus 30 i,100000,기본점검,21-1394,294
23/12/28-1,APM 일반수리,APM,일반수리,신재경,(O3) Serinus10,100000,기본점검,17-0126,295
23/12/28-1,APM 일반수리,APM,일반수리,신재경,(O3) Serinus10,100000,기본점검,17-0128,296
23/12/28-1,APM 일반수리,APM,일반수리,신재경,(O3) Serinus10i,100000,기본점검,17-0127,297
23/12/28-1,APM 일반수리,APM,일반수리,신재경,(SO2) Serinus50,100000,기본점검,17-1733,298
23/12/28-1,APM 일반수리,APM,일반수리,신재경,부품교체,4800000,POWER SUPPLY (부품 교체 기기 확인필요),21,299
23/12/28-1,APM 일반수리,APM,일반수리,신재경,DC,-1300000,DC,21,300
23/12/29-1,켐익 일반수리,켐익,일반수리,황연걸,(PM-10) KMS-4200,50000,기본점검,18P353,301
23/12/29-1,켐익 일반수리,켐익,일반수리,황연걸,(PM-10) KMS-4200,50000,기본점검,18P354,302
23/12/29-1,켐익 일반수리,켐익,일반수리,황연걸,(PM-10) KMS-4200,50000,기본점검,18P355,303
23/12/29-1,켐익 일반수리,켐익,일반수리,황연걸,(PM-10) KMS-4200,50000,기본점검,18P357,304
23/12/29-1,켐익 일반수리,켐익,일반수리,황연걸,(PM-10) KMS-4200,50000,기본점검,18P358,305
23/12/29-1,켐익 일반수리,켐익,일반수리,황연걸,(PM-10) KMS-4200,50000,기본점검,18P359,306
23/12/29-1,켐익 일반수리,켐익,일반수리,황연걸,(PM-10) KMS-4200,50000,기본점검,18P360,307
23/12/29-1,켐익 일반수리,켐익,일반수리,황연걸,(PM-2.5) KMS-4200,50000,기본점검,22P615,308
23/12/29-1,켐익 일반수리,켐익,일반수리,황연걸,(PM-10) KMS-4200,100000,"외장 온,습도센서 교체",18P359,309
23/12/29-1,켐익 일반수리,켐익,일반수리,황연걸,(PM-10) KMS-4200,100000,"USB보드,통신케이블 교체",18P353,310
23/12/29-1,켐익 일반수리,켐익,일반수리,황연걸,(PM-2.5) KMS-4200,30000,손잡이(상단)유실 교체,22P615,311
23/12/29-1,켐익 일반수리,켐익,일반수리,황연걸,(PM-2.5) KMS-4200,20000,인넷연결부 아답타 나사산 손상 교체,22P615,312
23/12/29-1,켐익 일반수리,켐익,일반수리,황연걸,DC,-200000,DC,21,313
24/01/23-1,APM 이동차량 정도검사,APM,정도검사,신재경,(PM-10) BAM 1020,100000,정도검사,X22196,314
24/01/23-1,APM 이동차량 정도검사,APM,정도검사,신재경,(CO) Serinus30i,100000,정도검사,17-1509,315
24/01/23-1,APM 이동차량 정도검사,APM,정도검사,신재경,(NO2) Serinus40,100000,정도검사,18-0984,316
24/01/23-1,APM 이동차량 정도검사,APM,정도검사,신재경,(SO2) Serinus50,100000,정도검사,18-0318,317
24/01/23-1,APM 이동차량 정도검사,APM,정도검사,신재경,(PM-2.5) BAM 1020,100000,정도검사,X22198,318
24/01/23-1,APM 이동차량 정도검사,APM,정도검사,신재경,이동차량 오존장비 (품목등록 없음),100000,정도검사,21,319
24/01/23-1,APM 이동차량 정도검사,APM,정도검사,신재경,정도검사 대행료,100000,정도검사 대행료,21,320
24/01/25-1,APM 일반수리,APM,정도검사 및 수리,황연걸,(PM-2.5) PMS-204,50000,기본점검,1501512,321
24/01/25-1,APM 일반수리,APM,정도검사 및 수리,황연걸,(PM-2.5) PMS-204,800000,104/204 메인보드,1501512,322
24/01/25-1,APM 일반수리,APM,정도검사 및 수리,황연걸,(PM-2.5) PMS-204(품목등록 안됨),50000,기본점검(품목등록 안됨),21,323
24/01/25-1,APM 일반수리,APM,정도검사 및 수리,황연걸,DC,-200000,DC,21,324
24/01/29-1,카인 일반수리,카인,일반수리,황연걸,(Pb) T8400ME,300000,모터 교체,TA3265,325
24/01/29-1,카인 일반수리,카인,일반수리,황연걸,(Pb) T8400ME,300000,컨트롤러 교체,TA3265,326
24/01/29-2,APM 부품구매,APM,일반수리,황연걸,Fitting nut 1/4T KYNAR,455000,Fitting nut 1/4T KYNAR,21,327
24/01/29-3,켐익 일반수리,켐익,일반수리,황연걸,(PM-10) KMS-4200,50000,기본점검,19P428,328
24/01/29-3,켐익 일반수리,켐익,일반수리,황연걸,(PM-10) KMS-4200,50000,기본점검,18P368,329
24/01/29-3,켐익 일반수리,켐익,일반수리,황연걸,(PM-10) KMS-4200,50000,기본점검,18P361,330
24/01/29-3,켐익 일반수리,켐익,일반수리,황연걸,(PM-10) KMS-4200,50000,기본점검,18P371,331
24/01/29-3,켐익 일반수리,켐익,일반수리,황연걸,(PM-10) KMS-4200,50000,기본점검,22P616,332
24/01/29-3,켐익 일반수리,켐익,일반수리,황연걸,(PM-10) KMS-4200,50000,기본점검,22P617,333
24/01/29-3,켐익 일반수리,켐익,일반수리,황연걸,(PM-10) KMS-4200,100000,"외장 온,습도센서 교체",22P616,334
24/01/29-3,켐익 일반수리,켐익,일반수리,황연걸,(PM-10) KMS-4200,100000,"USB보드, 통신케이블 교체",22P617,335
24/01/29-3,켐익 일반수리,켐익,일반수리,황연걸,(PM-10) KMS-4200,20000,인넷연결부 아답타 나사산 손상 교체,19P428,336
24/01/29-3,켐익 일반수리,켐익,일반수리,황연걸,(PM-10) KMS-4200,20000,인넷연결부 아답타 나사산 손상 교체,19P428,337
24/01/29-3,켐익 일반수리,켐익,일반수리,황연걸,DC,-100000,DC,21,338
24/01/31-1,켐익 일반수리,켐익,일반수리,황연걸,(PM-10) KMS-4200,50000,기본점검,18P366,339
24/01/31-1,켐익 일반수리,켐익,일반수리,황연걸,(PM-10) KMS-4200,50000,기본점검,18P367,340
24/01/31-1,켐익 일반수리,켐익,일반수리,황연걸,(PM-10) KMS-4200,50000,기본점검,18P370,341
24/01/31-1,켐익 일반수리,켐익,일반수리,황연걸,(PM-10) KMS-4200,50000,기본점검,18P372,342
24/01/31-1,켐익 일반수리,켐익,일반수리,황연걸,(PM-10) KMS-4200,50000,기본점검,18P373,343
24/01/31-1,켐익 일반수리,켐익,일반수리,황연걸,(PM-10) KMS-4200,50000,기본점검,18P375,344
24/01/31-1,켐익 일반수리,켐익,일반수리,황연걸,(PM-10) KMS-4200,50000,기본점검,18P369,345
24/01/31-1,켐익 일반수리,켐익,일반수리,황연걸,(PM-10) KMS-4200,50000,기본점검,18P374,346
24/01/31-1,켐익 일반수리,켐익,일반수리,황연걸,(PM-10) KMS-4200,100000,SD 카드 손상 교체,18P373,347
24/01/31-1,켐익 일반수리,켐익,일반수리,황연걸,(PM-10) KMS-4200,,리니어부싱교체,18P375,348
24/01/31-1,켐익 일반수리,켐익,일반수리,황연걸,DC,-200000,DC,21,349
24/02/01-1,카인 일반수리,카인,일반수리,황연걸,(Pb) T8400ME,300000,모터 교체,4170/TA3682,350
24/02/14-1,카인 일반수리,카인,일반수리,황연걸,(Pb) T8400ME,300000,모터교체,4211/TA3713,351
24/02/14-1,카인 일반수리,카인,일반수리,황연걸,(Pb) T8400ME,300000,모터교체,4241/TA3744,352
24/02/14-1,카인 일반수리,카인,일반수리,황연걸,(Pb) T8400ME,300000,모터교체,TA3696,353
24/02/14-1,카인 일반수리,카인,일반수리,황연걸,SC-260 부품교체 (일련번호 확인필요),500000,LCD 액정 교체,21,354
24/02/19-1,APM 정도검사,APM,정도검사,황연걸,(PM-2.5) PMS-204,50000,정도검사,1501479,355
24/02/19-1,APM 정도검사,APM,정도검사,황연걸,(PM-2.5) PMS-204,50000,정도검사,1501514,356
24/02/19-1,APM 정도검사,APM,정도검사,황연걸,(PM-2.5) PMS-204,50000,정도검사,1501504,357
24/02/19-1,APM 정도검사,APM,정도검사,황연걸,(PM-2.5) PMS-204,50000,정도검사,1709797,358
24/02/19-1,APM 정도검사,APM,정도검사,황연걸,(PM-2.5) PMS-204,50000,정도검사,1709798,359
24/02/19-1,APM 정도검사,APM,정도검사,황연걸,(PM-2.5) PMS-204,50000,정도검사(등록 안되어있음),21,360
24/02/19-1,APM 정도검사,APM,정도검사,황연걸,정도검사 대행료,100000,정도검사 대행료,21,361
24/02/19-2,토탈 일반수리,토탈엔지니어링,일반수리,황연걸,"(NOx, SOx) BMW-5000",400000,A셀 유량계 교체,726,362
24/02/19-2,토탈 일반수리,토탈엔지니어링,일반수리,황연걸,"(NOx, SOx) BMW-5000",400000,B셀 유량계 교체,726,363
24/02/19-2,토탈 일반수리,토탈엔지니어링,일반수리,황연걸,"(NOx, SOx) BMW-5000",70000,정밀교정,726,364
24/02/19-2,토탈 일반수리,토탈엔지니어링,일반수리,황연걸,"(NOx, SOx) BMW-5000",30000,아답터 전원 소켓 교체,1792,365
24/02/19-2,토탈 일반수리,토탈엔지니어링,일반수리,황연걸,"(NOx, SOx) BMW-5000",70000,정밀교정,1792,366
24/02/19-2,토탈 일반수리,토탈엔지니어링,일반수리,황연걸,"(NOx, SOx) BMW-5000",70000,정밀교정,724,367
24/02/19-2,토탈 일반수리,토탈엔지니어링,일반수리,황연걸,"(NOx, SOx) BMW-5000",400000,A셀 유량계 교체,849,368
24/02/19-2,토탈 일반수리,토탈엔지니어링,일반수리,황연걸,"(NOx, SOx) BMW-5000",400000,B셀 유량계 교체,849,369
24/02/19-2,토탈 일반수리,토탈엔지니어링,일반수리,황연걸,"(NOx, SOx) BMW-5000",350000,A셀 샘플링 펌프 교체,849,370
24/02/19-2,토탈 일반수리,토탈엔지니어링,일반수리,황연걸,"(NOx, SOx) BMW-5000",350000,B셀 샘플링 펌프 교체,849,371
24/02/19-2,토탈 일반수리,토탈엔지니어링,일반수리,황연걸,"(NOx, SOx) BMW-5000",75000,A셀 펌프 뎀퍼 장착,849,372
24/02/19-2,토탈 일반수리,토탈엔지니어링,일반수리,황연걸,"(NOx, SOx) BMW-5000",75000,B셀 펌프 뎀퍼 장착,849,373
24/02/19-2,토탈 일반수리,토탈엔지니어링,일반수리,황연걸,"(NOx, SOx) BMW-5000",70000,정밀교정,849,374
24/02/19-2,토탈 일반수리,토탈엔지니어링,일반수리,황연걸,DC,-1000000,DC,21,375
24/02/27-1,켄텍 일반수리,켄텍,확인필요,황연걸,부품교체 (일련번호 확인필요),400000,NOx Pump,21,376
24/02/27-1,켄텍 일반수리,켄텍,확인필요,황연걸,부품교체 (일련번호 확인필요),1200000,2 Head Sample Pump,21,377
24/02/27-1,켄텍 일반수리,켄텍,확인필요,황연걸,DC,-160000,DC,21,378
24/02/28-1,하림 일반수리,하림,일반수리,황연걸,(PM-10) E-BAM,250000,기본점검,R10783,379
24/02/28-1,하림 일반수리,하림,일반수리,황연걸,(PM-2.5) E-BAM,250000,기본점검,T25861,380
24/02/28-1,하림 일반수리,하림,일반수리,황연걸,(PM-2.5) E-BAM,659000,E-BAM CONNECTOR BOARD,T25861,381
24/02/28-1,하림 일반수리,하림,일반수리,황연걸,DC,-59000,DC,21,382
24/02/29-1,하림 정도검사 및 수리,하림,정도검사 및 수리,황연걸,(PM-10) E-BAM,250000,정도검사,Y22705,383
24/02/29-1,하림 정도검사 및 수리,하림,정도검사 및 수리,황연걸,(PM-10) E-BAM,250000,정도검사,Y22710,384
24/02/29-1,하림 정도검사 및 수리,하림,정도검사 및 수리,황연걸,(PM-10) E-BAM,185000,"GLASS FIBER FILTER, 25M",Y22710,385
24/03/12-1,켄텍 일반수리,켄텍,일반수리,황연걸,(NO2) MEZUS-210,300000,LCD TOUCH ASSY,K1515022,386
24/03/12-1,켄텍 일반수리,켄텍,일반수리,황연걸,(CO) MEZUS-310,700000,GFC WHEEL ASSY,K1614025A,387
24/03/12-1,켄텍 일반수리,켄텍,일반수리,황연걸,(CO) MEZUS-310,400000,Sample Pump,K1614025A,388
24/03/12-1,켄텍 일반수리,켄텍,일반수리,황연걸,DC,-140000,DC,21,389
24/03/12-1,켄텍 일반수리,켄텍,일반수리,황연걸,(NO2) MEZUS-210,100000,기본점검,K1612016,390
24/03/12-1,켄텍 일반수리,켄텍,일반수리,황연걸,(NO2) MEZUS-210,100000,기본점검,K1612017,391
24/03/12-1,켄텍 일반수리,켄텍,일반수리,황연걸,(NO2) MEZUS-210,100000,기본점검,K1515022,392
24/03/12-1,켄텍 일반수리,켄텍,일반수리,황연걸,(NO2) MEZUS-210,100000,기본점검,K1515023,393
24/03/12-1,켄텍 일반수리,켄텍,일반수리,황연걸,(NO2) MEZUS-210,100000,기본점검,K1614022,394
24/03/12-1,켄텍 일반수리,켄텍,일반수리,황연걸,(NO2) MEZUS-210,100000,기본점검,K1614023,395
24/03/12-1,켄텍 일반수리,켄텍,일반수리,황연걸,(CO) MEZUS-310,100000,기본점검,K1614025A,396
24/03/12-1,켄텍 일반수리,켄텍,일반수리,황연걸,(CO) MEZUS-310,100000,기본점검,K1614026A,397
24/03/14-1,APM 정도검사,APM,정도검사,황연걸,(O3) Serinus10i,100000,정도검사,21-0507,398
24/03/14-1,APM 정도검사,APM,정도검사,황연걸,(O3) Serinus10i,100000,정도검사,21-1357,399
24/03/14-1,APM 정도검사,APM,정도검사,황연걸,(O3) Serinus10i,100000,정도검사,17-0125,400
24/03/14-1,APM 정도검사,APM,정도검사,황연걸,(O3) Serinus10i,100000,정도검사,17-0127,401
24/03/14-1,APM 정도검사,APM,정도검사,황연걸,(O3) Serinus10i,100000,정도검사,17-0130,402
24/03/14-1,APM 정도검사,APM,정도검사,황연걸,정도검사대행료,100000,정도검사대행료,21,403
24/03/14-2,APM 정도검사,APM,정도검사,황연걸,(SO2) Serinus50,100000,정도검사,17-1903,404
24/03/14-2,APM 정도검사,APM,정도검사,황연걸,(SO2) Serinus50,100000,정도검사,17-1798,405
24/03/14-2,APM 정도검사,APM,정도검사,황연걸,정도검사 대행료,100000,정도검사 대행료,21,406
24/04/03-1,APM 부품구매,APM,일반수리,황연걸,Fitting nut 1/4T KYNAR,455000,Fitting nut 1/4T KYNAR,21,407
24/04/09-1,KNJ 일반수리,KNJ,확인필요,신수용,49Q,150000,49Q (일련번호 확인필요),21,408
24/04/17-1,켄텍 확인필요,켄텍,확인필요,황연걸,외장펌프,1800000,외장펌프 교체,21,409
24/04/17-1,켄텍 확인필요,켄텍,확인필요,황연걸,(NO2) MEZUS-210,100000,기본점검,K1515019,410
24/04/17-1,켄텍 확인필요,켄텍,확인필요,황연걸,(NO2) MEZUS-210,100000,기본점검,K1515020,411
24/04/17-1,켄텍 확인필요,켄텍,확인필요,황연걸,(NO2) MEZUS-210,100000,기본점검,K1515021,412
24/04/17-1,켄텍 확인필요,켄텍,확인필요,황연걸,(NO2) MEZUS-210,100000,기본점검,K1614024,413
24/04/17-1,켄텍 확인필요,켄텍,확인필요,황연걸,(CO) MEZUS-310,100000,기본점검,K1614027A,414
24/04/17-1,켄텍 확인필요,켄텍,확인필요,황연걸,(CO) MEZUS-310,100000,기본점검,K1612019,415
24/04/17-1,켄텍 확인필요,켄텍,확인필요,황연걸,DC,-60000,DC,21,416
24/04/22-1,APM 정도검사,APM,정도검사,황연걸,(PM-2.5) PMS-204,100000,정도검사,1501489,417
24/04/22-1,APM 정도검사,APM,정도검사,황연걸,(PM-2.5) PMS-204,100000,정도검사,1501505,418
24/04/22-1,APM 정도검사,APM,정도검사,황연걸,(PM-2.5) PMS-204,100000,정도검사,1501507,419
24/04/22-1,APM 정도검사,APM,정도검사,황연걸,(PM-2.5) PMS-204,100000,정도검사,1501508,420
24/04/22-1,APM 정도검사,APM,정도검사,황연걸,(PM-2.5) PMS-204,100000,정도검사,1501512,421
24/04/22-1,APM 정도검사,APM,정도검사,황연걸,정도검사 대행료,100000,정도검사 대행료,21,422
24/04/29-2,APM 정도검사 및 수리,APM,정도검사 및 수리,신재경,(CO) Serinus 30 i,100000,기본점검,20-2305,423
24/04/29-2,APM 정도검사 및 수리,APM,정도검사 및 수리,신재경,(CO) Serinus30i,100000,기본점검,20-2131,424
24/04/29-2,APM 정도검사 및 수리,APM,정도검사 및 수리,신재경,(CO) Serinus 30 i,100000,정도검사,21-1394,425
24/04/29-2,APM 정도검사 및 수리,APM,정도검사 및 수리,신재경,(CO) Serinus 30 i,100000,정도검사,21-2173,426
24/04/29-2,APM 정도검사 및 수리,APM,정도검사 및 수리,신재경,(O3) Serinus10,100000,정도검사,17-0129,427
24/04/29-2,APM 정도검사 및 수리,APM,정도검사 및 수리,신재경,(NO2) Serinus40,100000,기본점검,21-0517,428
24/04/29-2,APM 정도검사 및 수리,APM,정도검사 및 수리,신재경,(O3) Serinus10,100000,정도검사,17-0131,429
24/04/29-2,APM 정도검사 및 수리,APM,정도검사 및 수리,신재경,(O3) Serinus10,100000,정도검사,17-0134,430
24/04/29-2,APM 정도검사 및 수리,APM,정도검사 및 수리,신재경,(NO2) Serinus40,1200000,Power Supply,21-0517,431
24/04/29-2,APM 정도검사 및 수리,APM,정도검사 및 수리,신재경,(CO) Serinus 30 i,2100000,Detector,20-2305,432
24/04/29-2,APM 정도검사 및 수리,APM,정도검사 및 수리,신재경,DC,-600000,DC,21,433
24/04/29-3,APM 정도검사,APM,정도검사,황연걸,(PM-2.5) PMS-204,100000,정도검사,1501518,434
24/04/29-3,APM 정도검사,APM,정도검사,황연걸,(PM-2.5) PMS-204,100000,정도검사,1501519,435
24/04/29-3,APM 정도검사,APM,정도검사,황연걸,(PM-2.5) PMS-204,100000,정도검사,1708791,436
24/04/29-3,APM 정도검사,APM,정도검사,황연걸,(PM-2.5) PMS-204,100000,정도검사,1708792,437
24/04/29-3,APM 정도검사,APM,정도검사,황연걸,(PM-10) PMS-204,100000,정도검사,1904012,438
24/04/29-3,APM 정도검사,APM,정도검사,황연걸,(PM-10) PMS-204,100000,정도검사,1904009,439
24/04/29-3,APM 정도검사,APM,정도검사,황연걸,(PM-10) PMS-204,100000,정도검사,1904008,440
24/04/29-3,APM 정도검사,APM,정도검사,황연걸,(PM-10) PMS-204,100000,정도검사,1904007,441
24/04/29-3,APM 정도검사,APM,정도검사,황연걸,(PM-10) PMS-204,100000,정도검사,1904005,442
24/04/29-3,APM 정도검사,APM,정도검사,황연걸,정도검사 대행료,100000,정도검사 대행료,21,443
24/05/13-1,하림 정도검사 및 수리,하림,정도검사 및 수리,황연걸,(PM-10) E-BAM,250000,정도검사,R10185,444
24/05/13-1,하림 정도검사 및 수리,하림,정도검사 및 수리,황연걸,(PM-10) E-BAM,250000,정도검사,R10532,445
24/05/13-1,하림 정도검사 및 수리,하림,정도검사 및 수리,황연걸,(PM-10) E-BAM,185000,"Filter,25M",R10532,446
24/05/13-2,APM 정도검사,APM,정도검사,신재경,(SO2) Serinus50,100000,정도검사,17-1912,447
24/05/13-2,APM 정도검사,APM,정도검사,신재경,(SO2) Serinus50,100000,정도검사,17-1906,448
24/05/13-2,APM 정도검사,APM,정도검사,신재경,(SO2) Serinus50,100000,정도검사,17-1733,449
24/05/13-2,APM 정도검사,APM,정도검사,신재경,(O3) Serinus10,100000,정도검사,17-0133,450
24/05/13-2,APM 정도검사,APM,정도검사,신재경,(O3) Serinus10,100000,정도검사,17-0132,451
24/05/13-2,APM 정도검사,APM,정도검사,신재경,정도검사 대행료,100000,정도검사 대행료,21,452
24/05/14-1,APM 부품구매,APM,일반수리,황연걸,부품구매,1080000,Solar shield w/o Pres. Temp. RH sensor,21,453
24/05/21-1,켐익 일반수리,켐익,일반수리,황연걸,(PM-2.5) KMS-4200,50000,기본점검,19P404,454
24/05/21-1,켐익 일반수리,켐익,일반수리,황연걸,(PM-10) KMS-4200,50000,기본점검,19P405,455
24/05/21-1,켐익 일반수리,켐익,일반수리,황연걸,(PM-2.5) KMS-4200,,"리크보강,리니어부싱 재조립",19P404,456
24/05/21-1,켐익 일반수리,켐익,일반수리,황연걸,(PM-10) KMS-4200,,지지대 오링교체,19P405,457
24/05/21-1,켐익 일반수리,켐익,일반수리,황연걸,(PM-10) KMS-4200,50000,기본점검,19P430,458
24/05/30-1,APM 정도검사 및 수리,APM,정도검사 및 수리,황연걸,(PM-2.5) PMS-204,100000,정도검사,1501478,459
24/05/30-1,APM 정도검사 및 수리,APM,정도검사 및 수리,황연걸,(PM-2.5) PMS-204,100000,정도검사,1708789,460
24/05/30-1,APM 정도검사 및 수리,APM,정도검사 및 수리,황연걸,(PM-10) PMS-204,100000,정도검사,1904003,461
24/05/30-1,APM 정도검사 및 수리,APM,정도검사 및 수리,황연걸,(PM-10) PMS-204,100000,정도검사,1904004,462
24/05/30-1,APM 정도검사 및 수리,APM,정도검사 및 수리,황연걸,(PM-10) PMS-204,100000,정도검사,1904006,463
24/05/30-1,APM 정도검사 및 수리,APM,정도검사 및 수리,황연걸,(PM-10) PMS-204,100000,정도검사,1904010,464
24/05/30-1,APM 정도검사 및 수리,APM,정도검사 및 수리,황연걸,(PM-10) PMS-204,100000,정도검사,1904011,465
24/05/30-1,APM 정도검사 및 수리,APM,정도검사 및 수리,황연걸,정도검사 대행료,100000,정도검사 대행료,21,466
24/05/30-1,APM 정도검사 및 수리,APM,정도검사 및 수리,황연걸,(PM-2.5) PMS-204,495000,ATM Sensor PCB SET,1501478,467
24/06/03-1,APM 일반수리,APM,일반수리,황연걸,(PM-2.5) PMS-204,100000,기본점검,1501504,468
24/06/25-1,APM 정도검사,APM,정도검사,황연걸,(O3) Serinus10i,100000,정도검사,21-0321,469
24/06/25-1,APM 정도검사,APM,정도검사,황연걸,(O3) Serinus10i,100000,정도검사,21-0349,470
24/06/25-1,APM 정도검사,APM,정도검사,황연걸,(O3) Serinus10i,100000,정도검사,21-0524,471
24/06/25-1,APM 정도검사,APM,정도검사,황연걸,(CO) Serinus30i,100000,정도검사,20-2128,472
24/06/25-1,APM 정도검사,APM,정도검사,황연걸,(CO) Serinus30i,100000,정도검사,20-2131,473
24/06/25-1,APM 정도검사,APM,정도검사,황연걸,(CO) Serinus30i,100000,정도검사,20-2311,474
24/06/25-1,APM 정도검사,APM,정도검사,황연걸,(CO) Serinus30i,100000,정도검사,20-2313,475
24/06/25-1,APM 정도검사,APM,정도검사,황연걸,(CO) Serinus30i,100000,정도검사,21-0330,476
24/06/25-1,APM 정도검사,APM,정도검사,황연걸,(CO) Serinus30i,100000,정도검사,21-0331,477
24/06/25-1,APM 정도검사,APM,정도검사,황연걸,정도검사 대행료,100000,정도검사 대행료,21,478
24/06/26-1,APM 정도검사,APM,정도검사,황연걸,(PM-2.5) PMS-204,100000,정도검사,1501506,479
24/06/26-1,APM 정도검사,APM,정도검사,황연걸,(PM-2.5) PMS-204,100000,정도검사,1501481,480
24/06/26-1,APM 정도검사,APM,정도검사,황연걸,(PM-2.5) PMS-204,100000,정도검사,1501511,481
24/06/26-1,APM 정도검사,APM,정도검사,황연걸,(PM-2.5) PMS-204,100000,정도검사,1501513,482
24/06/26-1,APM 정도검사,APM,정도검사,황연걸,(PM-2.5) PMS-204,100000,정도검사,1501515,483
24/06/26-1,APM 정도검사,APM,정도검사,황연걸,(PM-2.5) PMS-204,100000,정도검사,1501516,484
24/06/26-1,APM 정도검사,APM,정도검사,황연걸,(PM-2.5) PMS-204,100000,정도검사,1501517,485
24/06/26-1,APM 정도검사,APM,정도검사,황연걸,(PM-2.5) PMS-204,100000,정도검사,1501520,486
24/06/26-1,APM 정도검사,APM,정도검사,황연걸,정도검사 대행료,100000,정도검사 대행료,21,487
24/07/08-1,켐익 일반수리,켐익,일반수리,황연걸,(PM-10) KMS-4200,50000,기본점검,19P426,488
24/07/08-1,켐익 일반수리,켐익,일반수리,황연걸,(PM-10) KMS-4200,50000,기본점검,19P427,489
24/07/08-1,켐익 일반수리,켐익,일반수리,황연걸,(PM-10) KMS-4200,50000,기본점검,19P428,490
24/07/08-1,켐익 일반수리,켐익,일반수리,황연걸,(PM-10) KMS-4200,50000,기본점검,19P429,491
24/07/08-1,켐익 일반수리,켐익,일반수리,황연걸,(PM-10) KMS-4200,50000,기본점검,19P431,492
24/07/08-1,켐익 일반수리,켐익,일반수리,황연걸,(PM-10) KMS-4200,,펌프지지대 교체,19P426,493
24/07/08-1,켐익 일반수리,켐익,일반수리,황연걸,(PM-10) KMS-4200,20000,전원 휴즈교체,19P427,494
24/07/11-1,APM 일반수리,APM,일반수리,황연걸,(CO) Serinus 30 i,100000,기본점검,20-2171,495
24/07/11-1,APM 일반수리,APM,일반수리,황연걸,(O3) Serinus10i,100000,기본점검,21-0349,496
24/07/11-1,APM 일반수리,APM,일반수리,황연걸,(O3) Serinus10i,100000,기본점검,21-0349,497
24/07/11-1,APM 일반수리,APM,일반수리,황연걸,(O3) Serinus10i,950000,Lamp assembly UV Serinus 10,20-1382,498
24/07/11-1,APM 일반수리,APM,일반수리,황연걸,(O3) Serinus10i,950000,Lamp assembly UV Serinus 10,20-1382,499
24/07/11-1,APM 일반수리,APM,일반수리,황연걸,DC,-300000,DC,21,500
24/07/12-1,켐익 일반수리,켐익,일반수리,황연걸,(PM-10) KMS-4200,50000,기본점검,19P432,501
24/07/12-1,켐익 일반수리,켐익,일반수리,황연걸,(PM-10) KMS-4200,50000,기본점검,19P424,502
24/07/12-1,켐익 일반수리,켐익,일반수리,황연걸,(PM-10) KMS-4200,50000,기본점검,19P425,503
24/07/12-1,켐익 일반수리,켐익,일반수리,황연걸,(PM-10) KMS-4200,50000,기본점검,19P433,504
24/07/12-1,켐익 일반수리,켐익,일반수리,황연걸,(PM-10) KMS-4200,50000,기본점검,19P430,505
24/07/12-1,켐익 일반수리,켐익,일반수리,황연걸,(PM-10) KMS-4200,20000,볼밸브 손잡이교체,19P424,506
24/07/12-2,켐익 일반수리,켐익,일반수리,황연걸,(PM-10) KMS-4200,350000,펌프전사석 회손 교체,20P573,507
24/07/12-2,켐익 일반수리,켐익,일반수리,황연걸,(PM-10) KMS-4200,300000,SFM 유량센서 교체,20P573,508
24/07/12-2,켐익 일반수리,켐익,일반수리,황연걸,(O3) Serinus10i,100000,"외장 온,습도센서 교체",21-1357,509
24/07/15-1,APM 일반수리,APM,일반수리,황연걸,(O3) Serinus10,100000,기본점검,17-0129,510
24/07/15-1,APM 일반수리,APM,일반수리,황연걸,(CO) Serinus 30 i,100000,기본점검,21-1394,511
24/07/15-1,APM 일반수리,APM,일반수리,황연걸,(NO2) Serinus40,100000,기본점검,21-0515,512
24/07/15-1,APM 일반수리,APM,일반수리,황연걸,(NO2) Serinus40(품목등록 안됨),100000,기본점검 / (등록 안된 장비),21,513
24/07/16-1,카인 부품구매,카인,일반수리,황연걸,하이볼륨 유량계 본체 교체,6750000,하이볼륨 유량계 본체 교체,21,514
24/07/16-1,카인 부품구매,카인,일반수리,황연걸,유량조절용 고리 및 부속품,350000,유량조절용 고리 및 부속품,21,515
24/07/22-1,하림 정도검사 및 수리,하림,정도검사 및 수리,황연걸,(PM-10) E-BAM,250000,정도검사,T15942,516
24/07/22-1,하림 정도검사 및 수리,하림,정도검사 및 수리,황연걸,(PM-2.5) E-BAM,250000,정도검사,T25862,517
24/07/22-1,하림 정도검사 및 수리,하림,정도검사 및 수리,황연걸,(PM-2.5) E-BAM,250000,정도검사,T25864,518
24/07/22-1,하림 정도검사 및 수리,하림,정도검사 및 수리,황연걸,(PM-2.5) E-BAM,189000,Detector cap,T25862,519
24/07/22-1,하림 정도검사 및 수리,하림,정도검사 및 수리,황연걸,(PM-2.5) E-BAM,1960000,"Pump,bracket",T25862,520
24/07/22-1,하림 정도검사 및 수리,하림,정도검사 및 수리,황연걸,(PM-2.5) E-BAM,691000,Connector board,T25862,521
24/07/22-1,하림 정도검사 및 수리,하림,정도검사 및 수리,황연걸,DC,-160000,DC,21,522
24/07/22-1,하림 정도검사 및 수리,하림,정도검사 및 수리,황연걸,(PM-2.5) E-BAM,185000,Filter 25M,T25862,523
24/07/22-1,하림 정도검사 및 수리,하림,정도검사 및 수리,황연걸,(PM-2.5) E-BAM,185000,Filter 25M,T25864,524
24/07/24-1,APM,APM,일반수리,황연걸,(SO2) Serinus50,150000,기본점검,18-0318,525
24/07/24-1,APM,APM,일반수리,황연걸,(O3) Serinus10i,150000,기본점검,20-1384,526
24/07/24-1,APM,APM,일반수리,황연걸,DC,-100000,DC,21,527
24/08/12-1,카인 부품구매,카인,일반수리,황연걸,T8400ME 컨트롤러 교체,600000,T8400ME 컨트롤러 교체,21,528
24/08/13-1,APM 정도검사,APM,정도검사,황연걸,(PM-2.5) PMS-204,100000,정도검사,1708786,529
24/08/13-1,APM 정도검사,APM,정도검사,황연걸,(PM-2.5) PMS-204,100000,정도검사,1708787,530
24/08/13-1,APM 정도검사,APM,정도검사,황연걸,(PM-2.5) PMS-204,100000,정도검사,1708788,531
24/08/13-1,APM 정도검사,APM,정도검사,황연걸,(PM-2.5) PMS-204,100000,정도검사,1708790,532
24/08/13-1,APM 정도검사,APM,정도검사,황연걸,(PM-2.5) PMS-204,100000,정도검사,1708793,533
24/08/13-1,APM 정도검사,APM,정도검사,황연걸,(PM-2.5) PMS-204,100000,정도검사,1708794,534
24/08/13-1,APM 정도검사,APM,정도검사,황연걸,(PM-2.5) PMS-204,100000,정도검사,1708795,535
24/08/13-1,APM 정도검사,APM,정도검사,황연걸,자동,100000,정도검사 대행료,21,536
24/08/22-1,하림 확인필요,하림,확인필요,조용재,(PM-2.5) BAM 1020,,확인필요,X16838,537
24/08/22-2,APM 확인필요,APM,확인필요,조용재,(SO2) Serinus50,,확인필요,17-0866,538
24/08/22-3,APM 확인필요,APM,확인필요,조용재,(PM-10) BAM 1020,,확인필요,X17815,539
24/08/22-4,APM 확인필요,APM,확인필요,조용재,(O3) Serinus10i,,확인필요,17-1391,540
24/08/22-5,APM 확인필요,APM,확인필요,조용재,(CO) Serinus 30 i,,확인필요,18-0320,541
24/08/22-6,APM 확인필요,APM,확인필요,조용재,(NO2) Serinus 40,,확인필요,18-0353,542
24/08/22-7,APM 일반수리,APM,일반수리,조용재,(O3) Serinus10,,"Display, Power supply, calibation",17-0134,543
24/09/05-1,켐익 일반수리,켐익,일반수리,황연걸,(PM-10) KMS-4200,50000,기본점검,20P573,544
24/09/05-1,켐익 일반수리,켐익,일반수리,황연걸,(PM-10) KMS-4200,50000,PG48 리크교체,20P573,545
24/09/20-1,APM 정도검사 및 수리,APM,정도검사 및 수리,황연걸,(O3) Serinus10,150000,정도검사,17-0126,546
24/09/20-1,APM 정도검사 및 수리,APM,정도검사 및 수리,황연걸,(O3) Serinus10,150000,정도검사,17-0128,547
24/09/20-1,APM 정도검사 및 수리,APM,정도검사 및 수리,황연걸,정도검사대행료,100000,정도검사대행료,21,548
24/09/20-1,APM 정도검사 및 수리,APM,정도검사 및 수리,황연걸,(O3) Serinus10,320000,"Scrubber, assembly ozone",17-0126,549
24/09/20-1,APM 정도검사 및 수리,APM,정도검사 및 수리,황연걸,(O3) Serinus10,900000,Lamp assembly UV Serinus 10,17-0128,550
24/09/20-1,APM 정도검사 및 수리,APM,정도검사 및 수리,황연걸,(O3) Serinus10,1230000,Flow block assembly,17-0128,551
24/09/20-1,APM 정도검사 및 수리,APM,정도검사 및 수리,황연걸,(O3) Serinus10,1150000,Valve maniffold assy,17-0128,552
24/09/20-1,APM 정도검사 및 수리,APM,정도검사 및 수리,황연걸,(O3) Serinus10,1660000,"Internal Pump Assy, Serinus",17-0128,553
24/09/20-1,APM 정도검사 및 수리,APM,정도검사 및 수리,황연걸,DC,-300000,DC,21,554
24/10/10-1,켐익 일반수리,켐익,일반수리,성기성,(CO) MEZUS-310,,기본점검,K1612019,555
24/10/10-2,KNJ 정도검사,KNJ,정도검사,황연걸,(CO) 48i,180000,정도검사,CM19420243,556
24/10/10-2,KNJ 정도검사,KNJ,정도검사,황연걸,(O3) 49i,180000,정도검사,1182050011,557
24/10/10-2,KNJ 정도검사,KNJ,정도검사,황연걸,(O3) 49i,180000,정도검사,CM19420293,558
24/10/10-2,KNJ 정도검사,KNJ,정도검사,황연걸,정도검사대행료료,350000,정도검사대행료료,21,559
24/10/10-3,카인 일반수리,카인,일반수리,황연걸,(Pb) T8400ME,300000,모터 교체,4176/TA3688,560
24/10/10-3,카인 일반수리,카인,일반수리,황연걸,(Pb) T8400ME,300000,모터 교체,4210/TA3712,561
24/10/10-3,카인 일반수리,카인,일반수리,황연걸,(Pb) T8400ME,300000,모터 교체,4170/TA3682,562
24/10/10-3,카인 일반수리,카인,일반수리,황연걸,(Pb) T8400ME,300000,컨트롤러 교체,4176/TA3688,563
24/10/10-3,카인 일반수리,카인,일반수리,황연걸,(Pb) T8400ME,300000,컨트롤러 교체,4210/TA3712,564
24/10/10-3,카인 일반수리,카인,일반수리,황연걸,(Pb) T8400ME,300000,컨트롤러 교체,4170/TA3682,565
24/10/10-3,카인 일반수리,카인,일반수리,황연걸,(Pb) T8400ME,300000,컨트롤러 교체,4238/TA3741,566
24/10/10-3,카인 일반수리,카인,일반수리,황연걸,DC,-300000,DC,21,567
24/10/23-1,켐익 일반수리,켐익,일반수리,황연걸,(PM-10) KMS-4200,50000,기본점검,19P433,568
24/10/23-1,켐익 일반수리,켐익,일반수리,황연걸,(PM-10) KMS-4200,100000,"외장 온,습도센서 교체",19P433,569
24/11/11-1,토탈 일반수리,토탈엔지니어링,일반수리,성기성,"(NOx, SOx) BMW-5000",800000,"A,B 셀 유량계 교체",723,570
24/11/11-1,토탈 일반수리,토탈엔지니어링,일반수리,성기성,"(NOx, SOx) BMW-5000",700000,"A,B 샘플링 펌프 교체",723,571
24/11/11-1,토탈 일반수리,토탈엔지니어링,일반수리,성기성,"(NOx, SOx) BMW-5000",150000,"A,B 펌프 뎀퍼 장착",723,572
24/11/11-1,토탈 일반수리,토탈엔지니어링,일반수리,성기성,"(NOx, SOx) BMW-5000",70000,정밀 교정,723,573
24/11/11-1,토탈 일반수리,토탈엔지니어링,일반수리,성기성,DC,-520000,DC,21,574
24/11/13-1,켐익 일반수리,켐익,일반수리,황연걸,(PM-10) KMS-4200,100000,"외장 온,습도센서 교체",19P405,575
24/11/13-1,켐익 일반수리,켐익,일반수리,황연걸,(PM-10) KMS-4200,,코인전지 교체,19P405,576
24/11/13-1,켐익 일반수리,켐익,일반수리,황연걸,(PM-10) KMS-4200,,지지대 오링교체,19P405,577
24/11/13-1,켐익 일반수리,켐익,일반수리,황연걸,(PM-10) KMS-4200,50000,기본점검내역,19P405,578
24/11/13-2,켐익 일반수리,켐익,일반수리,황연걸,(NO2) MEZUS-210,100000,기본점검,K1612017,579
24/11/13-2,켐익 일반수리,켐익,일반수리,황연걸,(NO2) MEZUS-210,400000,LCD&TOUCH 7inch,K1612017,580
24/11/13-2,켐익 일반수리,켐익,일반수리,황연걸,(CO) MEZUS-310,100000,기본점검비,K1612019,581
24/11/13-2,켐익 일반수리,켐익,일반수리,황연걸,(CO) MEZUS-310,800000,CO Wheel,K1614027A,582
24/11/13-2,켐익 일반수리,켐익,일반수리,황연걸,(CO) MEZUS-310,100000,기본점검비,K1614027A,583
24/11/13-3,APM 일반수리,APM,일반수리,성기성,(O3) Serinus10,861000,Flow block assembly,17-0126,584
24/11/26-1,APM 일반수리,APM,일반수리,박혁,(NO2) Serinus40,,스크린 고장 수리,21-0518,585
24/11/29-1,KNJ 정도검사,KNJ,정도검사,황연걸,(CO) 48iQ,180000,정도검사,1201888256,586
24/11/29-1,KNJ 정도검사,KNJ,정도검사,황연걸,(CO) 48iQ,180000,정도검사,1202038522,587
24/11/29-1,KNJ 정도검사,KNJ,정도검사,황연걸,(O3) 49iQ,180000,정도검사,1190581598,588
24/11/29-1,KNJ 정도검사,KNJ,정도검사,황연걸,(O3) 49iQ,180000,정도검사,1192754688,589
24/11/29-1,KNJ 정도검사,KNJ,정도검사,황연걸,정도검사대행료,350000,정도검사대행료,21,590
24/12/09-1,카인 일반수리,카인,일반수리,황연걸,(Pb) T8400ME,300000,컨트롤러 교체,3973,591
24/12/11-1,하림 정도검사 및 수리,하림,정도검사 및 수리,황연걸,(PM-10) E-BAM,250000,정도검사,X18021,592
24/12/11-1,하림 정도검사 및 수리,하림,정도검사 및 수리,황연걸,(PM-10) E-BAM,250000,정도검사,X18022,593
24/12/11-1,하림 정도검사 및 수리,하림,정도검사 및 수리,황연걸,(PM-10) E-BAM,185000,"25M, Glass Fiber Filter",X18021,594
24/12/11-1,하림 정도검사 및 수리,하림,정도검사 및 수리,황연걸,(PM-10) E-BAM,185000,"25M, Glass Fiber Filter",X18022,595
24/12/11-2,하림 정도검사 및 수리,하림,정도검사 및 수리,황연걸,(PM-2.5) E-BAM,250000,정도검사,W17345,596
24/12/11-2,하림 정도검사 및 수리,하림,정도검사 및 수리,황연걸,(PM-2.5) E-BAM,250000,정도검사,W17346,597
24/12/11-2,하림 정도검사 및 수리,하림,정도검사 및 수리,황연걸,(PM-2.5) E-BAM,250000,정도검사,W17347,598
24/12/11-2,하림 정도검사 및 수리,하림,정도검사 및 수리,황연걸,(PM-10) E-BAM,250000,정도검사,X18018,599
24/12/11-2,하림 정도검사 및 수리,하림,정도검사 및 수리,황연걸,(PM-10) E-BAM,250000,정도검사,X18019,600
24/12/11-2,하림 정도검사 및 수리,하림,정도검사 및 수리,황연걸,(PM-10) E-BAM,250000,정도검사,X18020,601
24/12/11-2,하림 정도검사 및 수리,하림,정도검사 및 수리,황연걸,(PM-10) E-BAM,250000,정도검사,Y17930,602
24/12/11-2,하림 정도검사 및 수리,하림,정도검사 및 수리,황연걸,(PM-10) E-BAM,250000,정도검사,Y17932,603
24/12/11-2,하림 정도검사 및 수리,하림,정도검사 및 수리,황연걸,(PM-10) E-BAM,250000,정도검사,Y17933,604
24/12/11-2,하림 정도검사 및 수리,하림,정도검사 및 수리,황연걸,(PM-2.5) E-BAM,1960000,E-BAM Pump & Bracket,W17346,605
24/12/11-2,하림 정도검사 및 수리,하림,정도검사 및 수리,황연걸,(PM-10) E-BAM,1960000,E-BAM Pump & Bracket,X18018,606
24/12/11-2,하림 정도검사 및 수리,하림,정도검사 및 수리,황연걸,(PM-10) E-BAM,1960000,E-BAM Pump & Bracket,X18019,607
24/12/11-2,하림 정도검사 및 수리,하림,정도검사 및 수리,황연걸,(PM-10) E-BAM,1960000,E-BAM Pump & Bracket,X18020,608
24/12/11-2,하림 정도검사 및 수리,하림,정도검사 및 수리,황연걸,(PM-2.5) E-BAM,185000,"Glass Fiber Fiter, 25M",W17346,609
24/12/11-2,하림 정도검사 및 수리,하림,정도검사 및 수리,황연걸,(PM-10) E-BAM,185000,"Glass Fiber Fiter, 25M",Y17932,610
24/12/11-2,하림 정도검사 및 수리,하림,정도검사 및 수리,황연걸,(PM-10) E-BAM,185000,"Glass Fiber Fiter, 25M",Y17933,611
24/12/11-2,하림 정도검사 및 수리,하림,정도검사 및 수리,황연걸,(PM-10) E-BAM,3553000,E-BAM Board Stack,Y17932,612
24/12/11-2,하림 정도검사 및 수리,하림,정도검사 및 수리,황연걸,DC,-1198000,DC,21,613
24/12/11-4,APM 정도검사,APM,정도검사,조용재,(O3) Serinus10,,Scrubber,17-0988,614
24/12/11-4,APM 정도검사,APM,정도검사,조용재,(O3) Serinus10,,assembly ozone,17-0988,615
24/12/11-4,APM 정도검사,APM,정도검사,조용재,(O3) Serinus10,,Lamp assembly UV,17-0988,616
25/01/08-4,켐익 일반수리,켐익,일반수리,신수용,COS-100,50000,기본점검검,KM008W18CO76,617
25/01/08-4,켐익 일반수리,켐익,일반수리,신수용,COS-100,,내부 배관 교체,KM008W18CO76,618
25/01/08-4,켐익 일반수리,켐익,일반수리,신수용,COS-100,50000,내부 펌프 흡인후 커넥터 파손교체,KM008W18CO76,619
25/01/08-5,켐익 일반수리,켐익,일반수리,신수용,COS-100,,내부배관 교체,KM014W16CO22,620
25/01/08-5,켐익 일반수리,켐익,일반수리,신수용,COS-100,50000,기본점검,KM014W16CO22,621
25/01/17-2,켐익 정도검사,켐익,정도검사,김현식,(PM-10) KMS-4200,50000,정도검사,18P354,622
25/01/17-2,켐익 정도검사,켐익,정도검사,김현식,(PM-10) KMS-4200,370000,유량미달 펌프교체,18P354,623
25/01/17-2,켐익 정도검사,켐익,정도검사,김현식,(PM-10) KMS-4200,350000,유량센서 교체,18P354,624
25/01/17-3,켐익 정도검사,켐익,정도검사,김현식,(PM-10) KMS-4200,50000,정도검사,18P353,625
25/01/17-4,켐익 정도검사,켐익,정도검사,김현식,(PM-10) KMS-4200,50000,정도검사,18P355,626
25/01/17-5,켐익 정도검사,켐익,정도검사,김현식,(PM-10) KMS-4200,50000,정도검사,18P356,627
25/01/17-6,켐익 정도검사,켐익,정도검사,김현식,(PM-10) KMS-4200,50000,정도검사,18P357,628
25/01/17-7,켐익 정도검사,켐익,정도검사,김현식,(PM-10) KMS-4200,50000,정도검사,18P358,629
25/01/17-8,켐익 정도검사,켐익,정도검사,김현식,(PM-10) KMS-4200,50000,정도검사,18P359,630
25/01/17-9,켐익 정도검사,켐익,정도검사,김현식,(PM-10) KMS-4200,50000,정도검사,18P360,631
25/01/17-10,켐익 정도검사,켐익,정도검사,김현식,(PM-10) KMS-4200,50000,정도검사,18P361,632
25/01/17-11,켐익 일반수리,켐익,일반수리,김현식,(PM-10) KMS-4200,370000,유량미달 펌프교체,19P432,633
25/01/17-11,켐익 일반수리,켐익,일반수리,김현식,(PM-10) KMS-4200,350000,유량센서 교체,19P432,634
25/01/17-11,켐익 일반수리,켐익,일반수리,김현식,(PM-10) KMS-4200,50000,기본점검,19P432,635
25/01/17-11,켐익 일반수리,켐익,일반수리,김현식,DC,-300000,DC,21,636
25/01/17-12,켐익 일반수리,켐익,일반수리,김현식,"(NOx, SOx) BMW-5000",400000,B셀 유량계 교체,1317,637
25/01/17-12,켐익 일반수리,켐익,일반수리,김현식,"(NOx, SOx) BMW-5000",350000,B셀 펌프 교체,1317,638
25/01/17-12,켐익 일반수리,켐익,일반수리,김현식,"(NOx, SOx) BMW-5000",70000,기본점검,1317,639
25/01/17-13,켐익 일반수리,켐익,일반수리,김현식,"(NOx, SOx) BMW-5000",400000,B셀 유량계 교체,854,640
25/01/17-13,켐익 일반수리,켐익,일반수리,김현식,"(NOx, SOx) BMW-5000",350000,B셀 펌프 교체,854,641
25/01/17-13,켐익 일반수리,켐익,일반수리,김현식,"(NOx, SOx) BMW-5000",70000,점검 및 정밀교정,854,642
25/01/17-14,켐익 일반수리,켐익,일반수리,김현식,"(NOx, SOx) BMW-5000",400000,"A,B셀 유량계 교체",1793,643
25/01/17-14,켐익 일반수리,켐익,일반수리,김현식,"(NOx, SOx) BMW-5000",350000,"A,B셀 펌프 교체",1793,644
25/01/17-14,켐익 일반수리,켐익,일반수리,김현식,"(NOx, SOx) BMW-5000",70000,기본점검,1793,645
25/01/17-15,켐익 일반수리,켐익,일반수리,김현식,"(NOx, SOx) BMW-5000",400000,"A,B셀 유량계 교체",851,646
25/01/17-15,켐익 일반수리,켐익,일반수리,김현식,"(NOx, SOx) BMW-5000",350000,"A,B셀 펌프 교체",851,647
25/01/17-15,켐익 일반수리,켐익,일반수리,김현식,"(NOx, SOx) BMW-5000",70000,기본점검,851,648
25/01/17-16,켐익 일반수리,켐익,일반수리,김현식,"(NOx, SOx) BMW-5000",400000,A셀 유량계 교체,1316,649
25/01/17-16,켐익 일반수리,켐익,일반수리,김현식,"(NOx, SOx) BMW-5000",350000,A셀 펌프 교체,1316,650
25/01/17-16,켐익 일반수리,켐익,일반수리,김현식,"(NOx, SOx) BMW-5000",70000,기본점검,1316,651
25/01/17-16,켐익 일반수리,켐익,일반수리,김현식,DC,-1300000,DC,21,652
25/01/17-17,켐익 일반수리,켐익,일반수리,김현식,(CO) MEZUS-310,100000,기본점검,K1614027A,653
25/01/17-18,APM 정도검사,APM,정도검사,성기성,(O3) Serinus10,,정도검사,17-0133,654
25/01/17-19,APM 정도검사,APM,정도검사,성기성,(O3) Serinus10,,정도검사,17-0132,655
25/01/17-20,APM 정도검사,APM,정도검사,성기성,(SO2) Serinus50,,정도검사,17-1906,656
25/01/17-21,APM 정도검사,APM,정도검사,성기성,(SO2) Serinus50,1250000,Internal Pump Assy,17-1912,657
25/01/17-22,APM 정도검사,APM,정도검사,성기성,(SO2) Serinus50,,정도검사,17-1733,658
25/01/17-23,APM 일반수리,APM,확인필요,성기성,(CO) Serinus30i,,확인필요,21-0330,659
25/01/17-25,APM 정도검사,APM,정도검사,성기성,(PM-2.5) PMS-204,100000,정도검사,1709797,660
25/01/17-26,APM 정도검사,APM,정도검사,성기성,(PM-2.5) PMS-204,100000,정도검사,1709798,661
25/01/17-26,APM 정도검사,APM,정도검사,성기성,정도검사 대행료,100000,정도검사 대행료,21,662
25/01/17-27,APM 일반수리,APM,일반수리,성기성,(NO2) Serinus40,510000,Pressure Gauge,21-0516,663
25/01/17-28,KNJ 정도검사,KNJ,정도검사,조용재,(O3) 49i,,정도검사,CM20477383,664
25/01/23-2,APM 정도검사 및 수리,APM,정도검사 및 수리,황연걸,(O3) Serinus10i,150000,기본점검,20-1571,665
25/01/23-2,APM 정도검사 및 수리,APM,정도검사 및 수리,황연걸,(CO) Serinus30i,150000,기본점검,20-2311,666
25/01/23-2,APM 정도검사 및 수리,APM,정도검사 및 수리,황연걸,(CO) Serinus30i,150000,기본점검,20-1348,667
25/01/23-2,APM 정도검사 및 수리,APM,정도검사 및 수리,황연걸,(CO) Serinus30i,150000,기본점검,20-1509,668
25/01/23-2,APM 정도검사 및 수리,APM,정도검사 및 수리,황연걸,(CO) Serinus30i,150000,기본점검,20-1502,669
25/01/23-2,APM 정도검사 및 수리,APM,정도검사 및 수리,황연걸,(CO) Serinus30i,150000,기본점검,20-1508,670
25/01/23-2,APM 정도검사 및 수리,APM,정도검사 및 수리,황연걸,(CO) Serinus30i,150000,기본점검,20-1503,671
25/01/23-2,APM 정도검사 및 수리,APM,정도검사 및 수리,황연걸,(O3) Serinus10i,150000,기본점검,20-1560,672
25/01/23-2,APM 정도검사 및 수리,APM,정도검사 및 수리,황연걸,(O3) Serinus10i,150000,기본점검,20-1384,673
25/01/23-2,APM 정도검사 및 수리,APM,정도검사 및 수리,황연걸,(O3) Serinus10i,150000,기본점검,20-1382,674
25/01/23-2,APM 정도검사 및 수리,APM,정도검사 및 수리,황연걸,(O3) Serinus10i,150000,기본점검,20-1393,675
25/01/23-2,APM 정도검사 및 수리,APM,정도검사 및 수리,황연걸,정도검사 대행료,200000,정도검사 대행료,21,676
25/01/23-2,APM 정도검사 및 수리,APM,정도검사 및 수리,황연걸,(O3) Serinus10i,900000,"DISPLAY,LCD, BLUE AND WHITE",20-1571,677
25/01/23-2,APM 정도검사 및 수리,APM,정도검사 및 수리,황연걸,(CO) Serinus30i,2450000,DETECTOR SPARE PART SERINUS30,20-1503,678
25/01/23-2,APM 정도검사 및 수리,APM,정도검사 및 수리,황연걸,자동,-200000,DC,21,679
25/02/03-1,카인 일반수리,카인,일반수리,이형섭,(소음) SC-260,750000,SC260 보드수리(데이터전송안됨외),T242073,680
25/02/03-1,카인 일반수리,카인,일반수리,이형섭,(소음) SC-260,,한국 스페인 항공료,T242073,681
25/02/10-1,카인 정도검사,카인,정도검사,김용명,(소음) SC-260,,정도검사,T242071,682
25/02/10-2,카인 정도검사,카인,정도검사,김용명,(진동) TYPE3233,,정도검사,160096,683
25/02/10-3,태원시바타 확인필요,태원시바타,확인필요,신수용,MP-Σ100,,확인필요,461059,684
25/02/10-4,켐익 확인필요,켐익,확인필요,신수용,COS-100,,확인필요,KM008W18CO77,685
25/02/12-1,태원시바타 확인필요,태원시바타,확인필요,신수용,MP-Σ100,,확인필요,441002,686
25/02/17-1,APM 일반수리,APM,일반수리,송민욱,(CO) Serinus 30 i,,Power supply,20-2132,687
25/02/17-2,APM 일반수리,APM,확인필요,송민욱,(NO2) Serinus40,,디스플레이 수리(확인필요),21-0517,688
25/02/17-3,APM 일반수리,APM,일반수리,송민욱,(CO) Serinus30i,,데이터 저장불량 수리,20-2313,689
25/02/17-4,APM 정도검사,APM,정도검사,송민욱,(SO2) Serinus50,,정도검사,17-1903,690
25/02/17-5,APM 정도검사,APM,정도검사,송민욱,(SO2) Serinus50,,정도검사,17-1798,691
25/02/17-6,APM 일반수리,APM,일반수리,성기성,(O3) Serinus10,900000,PCA LAMP driver,17-0126,692
25/03/04-7,켐익 정도검사,켐익,정도검사,김균학,(CO) MEZUS-310,,정도검사,K1614025A,693
25/03/04-8,켐익 정도검사,켐익,정도검사,김균학,(NO2) MEZUS-210,,정도검사,K1614022,694
25/03/04-9,켐익 정도검사,켐익,정도검사,김균학,(NO2) MEZUS-210,,정도검사,K1614023,695
25/03/04-10,켐익 정도검사,켐익,정도검사,김균학,(CO) MEZUS-310,,정도검사,K1614026A,696
25/03/04-11,켐익 정도검사,켐익,정도검사,김균학,(NO2) MEZUS-210,,정도검사,K1515023,697
25/03/04-12,켐익 정도검사,켐익,정도검사,김균학,(NO2) MEZUS-210,,정도검사,K1515022,698
25/03/04-13,켐익 정도검사,켐익,정도검사,김균학,(NO2) MEZUS-210,,정도검사,K1612016,699
25/03/04-14,켐익 정도검사,켐익,정도검사,김균학,(NO2) MEZUS-210,,정도검사,K1612017,700
25/03/04-15,켐익 정도검사,켐익,정도검사,김균학,(PM-10) E-BAM,,정도검사,R10783,701
25/03/04-16,켐익 정도검사,켐익,정도검사,김균학,(PM-2.5) E-BAM,,정도검사,T25861,702
25/03/04-17,켐익 정도검사,켐익,정도검사,김균학,(PM-10) KMS-4200,50000,정도검사,18P366,703
25/03/04-18,켐익 정도검사,켐익,정도검사,김균학,(PM-10) KMS-4200,50000,정도검사,18P367,704
25/03/04-19,켐익 정도검사,켐익,정도검사,김균학,(PM-10) KMS-4200,50000,정도검사,18P368,705
25/03/04-19,켐익 정도검사,켐익,정도검사,김균학,(PM-10) KMS-4200,,SD카드교체,18P368,706
25/03/04-20,켐익 정도검사,켐익,정도검사,김균학,(PM-10) KMS-4200,50000,정도검사,18P369,707
25/03/04-21,켐익 정도검사,켐익,정도검사,김균학,(PM-10) KMS-4200,50000,정도검사,18P370,708
25/03/04-22,켐익 정도검사,켐익,정도검사,김균학,(PM-10) KMS-4200,50000,정도검사,18P371,709
25/03/04-22,켐익 정도검사,켐익,정도검사,김균학,(PM-10) KMS-4200,150000,백엽상파손 수분유입 교체,18P371,710
25/03/04-23,켐익 정도검사,켐익,정도검사,김균학,(PM-10) KMS-4200,50000,정도검사,18P372,711
25/03/04-24,켐익 정도검사,켐익,정도검사,김균학,(PM-10) KMS-4200,50000,정도검사,18P373,712
25/03/04-24,켐익 정도검사,켐익,정도검사,김균학,(PM-10) KMS-4200,100000,외장온습도교체,18P373,713
25/03/04-25,켐익 정도검사,켐익,정도검사,김균학,(PM-10) KMS-4200,50000,정도검사,18P374,714
25/03/04-26,켐익 정도검사,켐익,정도검사,김균학,(PM-10) KMS-4200,50000,정도검사,18P375,715
25/03/04-27,토탈 일반수리,토탈엔지니어링,일반수리,김균학,"(NOx, SOx) BMW-5000",,좌측 유량불량,722,716
25/03/04-28,토탈 일반수리,토탈엔지니어링,일반수리,김균학,"(NOx, SOx) BMW-5000",440000,컨트롤보드 교체,857,717
25/03/04-29,토탈 일반수리,토탈엔지니어링,일반수리,김균학,"(NOx, SOx) BMW-5000",,좌측 유량불량,1790,718
25/03/04-30,토탈 일반수리,토탈엔지니어링,일반수리,김균학,"(NOx, SOx) BMW-5000",,좌측 유량불량,1798,719
25/03/04-31,토탈 일반수리,토탈엔지니어링,일반수리,김균학,"(NOx, SOx) BMW-5000",,양측 유량불량,1627,720
25/03/04-32,APM 정도검사,APM,정도검사,이형섭,(PM-2.5) PMS-204,100000,정도검사,1501514,721
25/03/04-33,APM 정도검사,APM,정도검사,이형섭,(PM-2.5) PMS-204,100000,정도검사,1501504,722
25/03/04-34,APM 정도검사,APM,정도검사,이형섭,(PM-2.5) PMS-204,100000,정도검사,1501490,723
25/03/04-35,APM 정도검사,APM,정도검사,이형섭,(PM-2.5) PMS-204,100000,정도검사,1501479,724
25/03/04-36,APM 일반수리,APM,일반수리,이형섭,이동차량(1017),,pm2.5 펌프수리,,725
25/03/06-2,태원시바타 정도검사,태원시바타,정도검사,신수용,(VOCs) MP-Σ30,,정도검사,532930,726
25/03/06-3,태원시바타 정도검사,태원시바타,정도검사,신수용,(VOCs) MP-Σ30,,정도검사,442388,727
25/03/06-4,태원시바타 정도검사,태원시바타,정도검사,신수용,(VOCs) MP-Σ30KNⅡ,,정도검사,770656,728
25/03/10-2,태원시바타 정도검사,태원시바타,정도검사,신수용,(VOCs) MP-Σ30KNⅡ,,정도검사,770659,729
25/03/18-2,토탈 일반수리,토탈엔지니어링,일반수리,성기성,"(NOx, SOx) BMW-5000",440000,A셀 유량계 교체,1500,730
25/03/18-2,토탈 일반수리,토탈엔지니어링,일반수리,성기성,"(NOx, SOx) BMW-5000",385000,A셀 펌프 교체,1500,731
25/03/18-2,토탈 일반수리,토탈엔지니어링,일반수리,성기성,"(NOx, SOx) BMW-5000",77000,점검 및 정밀교정,1500,732
25/03/18-3,토탈 일반수리,토탈엔지니어링,일반수리,성기성,"(NOx, SOx) BMW-5000",77000,점검 및 정밀교정,1744,733
25/03/18-4,토탈 일반수리,토탈엔지니어링,일반수리,성기성,"(NOx, SOx) BMW-5000",440000,A셀 유량계 교체,1847,734
25/03/18-4,토탈 일반수리,토탈엔지니어링,일반수리,성기성,"(NOx, SOx) BMW-5000",385000,A셀 펌프 교체,1847,735
25/03/18-4,토탈 일반수리,토탈엔지니어링,일반수리,성기성,"(NOx, SOx) BMW-5000",440000,컨트롤보드 교체,1847,736
25/03/18-4,토탈 일반수리,토탈엔지니어링,일반수리,성기성,"(NOx, SOx) BMW-5000",77000,점검 및 정밀교정,1847,737
25/03/18-5,토탈 일반수리,토탈엔지니어링,일반수리,성기성,"(NOx, SOx) BMW-5000",77000,점검 및 정밀교정,1628,738
25/03/18-6,토탈 일반수리,토탈엔지니어링,일반수리,성기성,"(NOx, SOx) BMW-5000",77000,점검 및 정밀교정,717,739
25/03/18-7,토탈 일반수리,토탈엔지니어링,일반수리,성기성,"(NOx, SOx) BMW-5000",77000,점검 및 정밀교정,909,740
25/03/19-1,APM 정도검사,APM,정도검사,백승철,(O3) Serinus10i,150000,정도검사,21-1357,741
25/03/19-2,APM 정도검사,APM,정도검사,백승철,(O3) Serinus10i,150000,정도검사,17-0125,742
25/03/19-3,APM 정도검사,APM,정도검사,백승철,(O3) Serinus10i,150000,정도검사,21-0507,743
25/03/19-4,APM 정도검사,APM,정도검사,백승철,(O3) Serinus10i,150000,정도검사,17-0127,744
25/03/19-5,APM 정도검사,APM,정도검사,백승철,(O3) Serinus10i,150000,정도검사,17-0130,745
25/03/19-6,APM 정도검사,APM,정도검사,백승철,(PM-2.5) PMS-204,100000,정도검사,1501505,746
25/03/19-7,APM 정도검사,APM,정도검사,백승철,(PM-2.5) PMS-204,100000,정도검사,1501507,747
25/03/19-8,APM 정도검사,APM,정도검사,백승철,(PM-2.5) PMS-204,100000,정도검사,1501512,748
25/03/19-9,APM 정도검사,APM,정도검사,백승철,(PM-2.5) PMS-204,100000,정도검사,1501489,749
25/03/19-10,APM 정도검사,APM,정도검사,백승철,(PM-2.5) PMS-204,100000,정도검사,1501508,750
25/03/24-1,카인 확인필요,카인,확인필요,신수용,(VOCs) MP-Σ30KNⅡ,,확인필요,770656,751
25/03/24-2,카인 확인필요,카인,확인필요,신수용,(VOCs) MP-Σ30KNⅡ,,확인필요,770659,752
25/03/24-3,카인 확인필요,카인,확인필요,신수용,(VOCs) MP-Σ30,,확인필요,442388,753
25/03/24-4,카인 확인필요,카인,확인필요,신수용,(VOCs) MP-Σ30,,확인필요,532930,754
25/03/26-1,APM 일반수리,APM,일반수리,김균학,(NO2) Serinus40,,일반수리,21-0518,755
25/03/26-2,APM 일반수리,APM,일반수리,김균학,(CO) Serinus30i,,일반수리,20-2313,756
25/03/26-3,APM 일반수리,APM,일반수리,김균학,(NO2) Serinus40,,일반수리,21-0516,757
25/03/31-1,켐익 정도검사,켐익,정도검사,박혁,(PM-10) KMS-4200,,정도검사,18P370,758
25/03/31-2,켐익 정도검사,켐익,정도검사,박혁,(PM-10) KMS-4200,,정도검사,18P369,759
25/03/31-3,켐익 정도검사,켐익,정도검사,박혁,(PM-10) KMS-4200,,정도검사,18P371,760
25/03/31-4,켐익 정도검사,켐익,정도검사,박혁,(PM-10) KMS-4200,,정도검사,18P372,761
25/03/31-5,켐익 정도검사,켐익,정도검사,박혁,(PM-10) KMS-4200,,정도검사,18P374,762
25/03/31-6,켐익 정도검사,켐익,정도검사,박혁,(PM-10) KMS-4200,,정도검사,18P375,763
25/03/31-7,켐익 정도검사,켐익,정도검사,박혁,(PM-10) KMS-4200,,정도검사,18P373,764
25/03/31-8,켐익 정도검사,켐익,정도검사,박혁,(PM-10) KMS-4200,,정도검사,18P368,765
25/03/31-9,켐익 정도검사,켐익,정도검사,박혁,(PM-10) KMS-4200,,정도검사,18P366,766
25/03/31-10,켐익 정도검사,켐익,정도검사,박혁,(PM-10) KMS-4200,,정도검사,18P367,767
25/03/31-11,켐익 정도검사,켐익,정도검사,박혁,(PM-10) KMS-4200,,정도검사,19P425,768
25/03/31-12,켐익 정도검사,켐익,정도검사,박혁,(CO) MEZUS-310,,정도검사,K1614027A,769
25/04/02-1,카인 일반수리,카인,일반수리,신수용,(Pb) T8400ME,,일반수리,TA3696,770
25/04/02-2,카인 일반수리,카인,일반수리,신수용,(Pb) T8400ME,,일반수리,4211/TA3713,771
25/04/02-3,카인 일반수리,카인,일반수리,신수용,(Pb) T8400ME,,일반수리,TA3275,772
25/04/21-1,APM 정도검사,APM,정도검사,백승철,(PM-2.5) PMS-204,,정도검사,1501508,773
25/04/21-2,APM 정도검사,APM,정도검사,백승철,(PM-2.5) PMS-204,,정도검사,1501489,774
25/04/21-3,APM 정도검사,APM,정도검사,백승철,(PM-2.5) PMS-204,,정도검사,1501505,775
25/04/21-4,APM 정도검사,APM,정도검사,백승철,(PM-2.5) PMS-204,,정도검사,1501512,776
25/04/21-5,APM 정도검사,APM,정도검사,백승철,(PM-2.5) PMS-204,,정도검사,1501490,777
25/04/21-6,APM 정도검사,APM,정도검사,백승철,(PM-2.5) PMS-204,,정도검사,1501479,778
25/04/21-7,APM 정도검사,APM,정도검사,백승철,(PM-2.5) PMS-204,,정도검사,1501514,779
25/04/21-8,APM 정도검사,APM,정도검사,백승철,(PM-2.5) PMS-204,,정도검사,1501504,780
25/04/21-9,APM 정도검사,APM,정도검사,백승철,(PM-2.5) PMS-204,,정도검사,1501507,781
25/04/21-10,APM 일반수리,APM,일반수리,백승철,(NO2) Serinus40,,일반수리,21-0517,782
25/04/21-11,APM 정도검사,APM,정도검사,백승철,(O3) Serinus10i,,정도검사,21-1357,783
25/04/21-12,APM 정도검사,APM,정도검사,백승철,(O3) Serinus10i,,정도검사,17-0127,784
25/04/21-13,APM 정도검사,APM,정도검사,백승철,(O3) Serinus10i,,정도검사,17-0130,785
25/04/21-14,APM 정도검사,APM,정도검사,백승철,(O3) Serinus10i,,정도검사,21-0507,786
25/04/28-1,APM 일반수리,APM,일반수리,전창근,(O3) Serinus10,150000,점검기술료,17-0128,787
25/04/28-1,APM 일반수리,APM,일반수리,전창근,(O3) Serinus10i,320000,Scrubber,17-0128,788
25/04/29-1,카인 정도검사,카인,정도검사,전창근,(소음) SC-260,,정도검사,T242072,789
25/04/29-2,카인 정도검사,카인,정도검사,전창근,(소음) SC-260,,정도검사,T242109,790
25/04/29-3,카인 정도검사,카인,정도검사,전창근,(진동) VM-1220E,,정도검사,20E474,791
25/04/29-4,카인 정도검사,카인,정도검사,전창근,(진동) TYPE3233,,정도검사,190025,792
25/04/29-5,카인 정도검사,카인,정도검사,전창근,(진동) TYPE3233,,정도검사,190024,793
25/04/30-1,APM 정도검사,APM,정도검사,김현식,(O3) Serinus10i,,정도검사,17-0125,794
25/04/30-2,카인 정도검사,카인,정도검사,전창근,(소음) SC-260,,정도검사,T242072,795
25/04/30-3,카인 정도검사,카인,정도검사,전창근,(소음) SC-260,,정도검사,T242109,796
25/04/30-4,카인 정도검사,카인,정도검사,전창근,(진동) VM-1220E,,정도검사,20E474,797
25/04/30-5,카인 정도검사,카인,정도검사,전창근,(진동) TYPE3233,,정도검사,190024,798
25/04/30-6,카인 정도검사,카인,정도검사,전창근,(진동) TYPE3233,,정도검사,190025,799
25/05/08-1,켐익 일반수리,켐익,일반수리,전창근,(PM-10) KMS-4200,,기본점검내역,19P430,800
25/05/08-1,켐익 일반수리,켐익,일반수리,전창근,(PM-10) KMS-4200,,프로그램 재설치 및 SD카드교체,19P430,801
25/05/08-1,켐익 일반수리,켐익,일반수리,전창근,(PM-10) KMS-4200,,코인전지 교체,19P430,802
25/05/08-2,켐익 일반수리,켐익,일반수리,전창근,(PM-10) KMS-4200,,기본점검내역,20P569,803
25/05/08-2,켐익 일반수리,켐익,일반수리,전창근,(PM-10) KMS-4200,370000,유량미달 펌프교체,20P569,804
25/05/08-2,켐익 일반수리,켐익,일반수리,전창근,(PM-10) KMS-4200,300000,유량센서교체,20P569,805
25/05/22-1,태원시바타 정도검사,태원시바타,정도검사,신수용,(벤젠) MP-Σ30KNⅡ,,정도검사,141411,806
25/05/22-2,태원시바타 정도검사,태원시바타,정도검사,신수용,(벤젠) MP-Σ30KNⅡ,,,141412,807
25/05/22-3,표준교정기술원 교정,표준교정기술원,정도검사,신수용,Kestrel5500,179520,디지덜 온습도계 교정,2390486,808
25/05/22-3,표준교정기술원 교정,표준교정기술원,정도검사,신수용,Kestrel5500,91850,"절대압계 (기압, 디지털) 교정",2390486,809
25/05/22-4,켐익 일반수리,켐익,일반수리,이형섭,(PM-2.5) KMS-4200,,,20P558,810
25/05/22-5,켐익 일반수리,켐익,일반수리,이형섭,(PM-10) KMS-4200,,,18P356,811
25/05/26-1,APM 일반수리,APM,일반수리,신재경,(O3) Serinus10,,,17-0988,812
25/06/02-1,태원시바타 정도검사,태원시바타,정도검사,신수용,MP-Σ100KNⅡ,,,950575,813
25/06/05-1,APM 일반수리,APM,일반수리,신재경,(PM-2.5) PMS-204,100000,"장비 리크, 다운튜브 고무링 손상, 교체 리크 수정",1501518,814
25/06/05-2,APM 일반수리,APM,일반수리,신재경,(PM-2.5) PMS-204,100000,"장비 리크, 다운튜브 고무링 손상, 교체 리크 수정 펌프 배출 라인 튜브 손상/이탈 확인, 튜브 교체, 재결속 및 고정 상태 점검 완료",1501519,815
25/06/05-3,APM 일반수리,APM,일반수리,신재경,(PM-10) PMS-204,100000,"장비 리크, 다운튜브 고무링 손상, 교체 리크 수정",1904004,816
25/06/10-1,카인 일반수리,카인,일반수리,박소현,(소음) SC-260,,일반수리,T242109,817
25/06/10-2,카인 일반수리,카인,일반수리,박소현,(소음) SC-260,,무상점검 (전원 단자 오류 해결),T246352,818
25/06/19-1,토탈엔지니어링 일반수리,토탈엔지니어링,일반수리,조용재,"(NOx, SOx) BMW-5000",,일반수리,724,819
25/06/19-2,토탈엔지니어링 일반수리,토탈엔지니어링,일반수리,조용재,"(NOx, SOx) BMW-5000",,일반수리,849,820
25/06/19-3,토탈엔지니어링 일반수리,토탈엔지니어링,일반수리,조용재,"(NOx, SOx) BMW-5000",440000,A셀 유량계 교체,1796,821
25/06/19-3,토탈엔지니어링 일반수리,토탈엔지니어링,일반수리,조용재,"(NOx, SOx) BMW-5000",385000,A셀 펌프 교체,1796,822
25/06/19-3,토탈엔지니어링 일반수리,토탈엔지니어링,일반수리,조용재,"(NOx, SOx) BMW-5000",440000,컨트롤보드 교체,1796,823
25/06/19-3,토탈엔지니어링 일반수리,토탈엔지니어링,일반수리,조용재,"(NOx, SOx) BMW-5000",77000,점검 및 정밀교정,1796,824
25/06/20-1,APM 일반수리,APM,일반수리,조용재,(CO) Serinus30i,,일반수리,20-2132,825
25/06/20-2,APM 일반수리,APM,일반수리,조용재,(CO) Serinus30i,100000,점검기술료,20-2305,826
25/06/20-2,APM 일반수리,APM,일반수리,조용재,(CO) Serinus30i,900000,"DISPLAY, LCD, 240 X 128 BLUE AND WHITE",20-2305,827
25/06/20-3,APM 일반수리,APM,일반수리,조용재,(O3) Serinus10i,100000,점검기술료,17-0133,828
25/06/20-3,APM 일반수리,APM,일반수리,조용재,(O3) Serinus10i,900000,"DISPLAY, LCD, 240 X 128 BLUE AND WHITE",17-0133,829
25/06/20-4,APM 일반수리,APM,일반수리,조용재,(O3) Serinus10i,,일반수리,21-0321,830
25/06/20-5,APM 일반수리,APM,일반수리,조용재,(O3) Serinus10i,150000,점검기술료,21-0349,831
25/06/20-6,APM 일반수리,APM,일반수리,조용재,(PM-10) PMS-204,100000,점검기술료,1904004,832
25/06/20-7,APM 일반수리,APM,일반수리,조용재,(PM-2.5) PMS-204,100000,점검기술료,1501506,833
25/06/20-8,APM 일반수리,APM,일반수리,조용재,(PM-2.5) PMS-204,100000,점검기술료,1501490,834
25/06/24-1,KNJ 일반수리,KNJ,일반수리,성기성,(O3) 49iQ,180000,점검 및 교정,1192754688,835
25/07/04-1,태원 정도검사,태원시바타,정도검사,성기성,(벤젠) MP-Σ30KNⅡ,,정도검사,770660,836
25/07/04-2,태원 정도검사,태원시바타,정도검사,성기성,(VOCs) MP-Σ30KNⅡ,,정도검사,770654,837
25/07/04-3,태원 정도검사,태원시바타,정도검사,성기성,(VOCs) MP-Σ30KNⅡ,,정도검사,770655,838
25/07/04-4,태원 정도검사,태원시바타,정도검사,성기성,(VOCs) MP-Σ30KNⅡ,,정도검사,770657,839
25/07/04-5,태원 정도검사,태원시바타,정도검사,성기성,MP-Σ100KNⅡ,,정도검사,950574,840
25/07/04-6,태원 정도검사,태원시바타,정도검사,성기성,(벤젠) MP-Σ30KNⅡ,,정도검사,770658,841
25/07/04-7,APM 일반수리,APM,일반수리,성기성,(O3) Serinus10i,,Lamp Adjust,17-0126,842
25/07/04-8,APM 일반수리,APM,일반수리,성기성,(O3) Serinus10i,,Lamp Adjust,17-0128,843
25/07/04-9,APM 일반수리,APM,일반수리,성기성,(CO) Serinus30i,,REF수리,20-2311,844
25/07/07-1,APM 일반수리,APM,일반수리,나훈,(CO) Serinus30i,,REF 수리,20-2311,845
25/07/07-2,APM 일반수리,APM,일반수리,나훈,(O3) Serinus10i,,Lamp Adjust,17-0126,846
25/07/07-3,APM 일반수리,APM,일반수리,나훈,(O3) Serinus10i,,Lamp Adjust,17-0128,847
25/07/07-4,태원 정도검사,태원시바타,정도검사,나훈,(VOCs) MP-Σ30KNⅡ,,정도검사,770654,848
25/07/07-5,태원 정도검사,태원시바타,정도검사,나훈,(VOCs) MP-Σ30KNⅡ,,정도검사,770657,849
25/07/07-6,태원 정도검사,태원시바타,정도검사,나훈,(벤젠) MP-Σ30KNⅡ,,정도검사,770660,850
25/07/07-7,태원 정도검사,태원시바타,정도검사,나훈,(벤젠) MP-Σ30KNⅡ,,정도검사,770658,851
25/07/07-8,태원 정도검사,태원시바타,정도검사,나훈,MP-Σ100KNⅡ,,정도검사,950574,852
25/07/07-9,태원 정도검사,태원시바타,정도검사,나훈,(VOCs) MP-Σ30KNⅡ,,정도검사,770655,853
합계,,,,,,161087370,,,
2025/08/25  오후 12:55:30,,,,,,,,,
